// Source (.c) for font: Consolas Italic 30

#include "consolas.h"

const int TALLEST_CHAR_PIXELS = 30;

const struct font_char consolas_italic_30_font_lookup[128] = {
    // offset, width, height, left, top, advance
    {0, 0, 0, 0, 0, 0},
    {0, 0, 0, 0, 0, 0},
    {0, 0, 0, 0, 0, 0},
    {0, 0, 0, 0, 0, 0},
    {0, 0, 0, 0, 0, 0},
    {0, 0, 0, 0, 0, 0},
    {0, 0, 0, 0, 0, 0},
    {0, 0, 0, 0, 0, 0},
    {0, 0, 0, 0, 0, 0},
    {0, 0, 0, 0, 0, 0},
    {0, 0, 0, 0, 0, 0},
    {0, 0, 0, 0, 0, 0},
    {0, 0, 0, 0, 0, 0},
    {0, 0, 0, 0, 0, 0},
    {0, 0, 0, 0, 0, 0},
    {0, 0, 0, 0, 0, 0},
    {0, 0, 0, 0, 0, 0},
    {0, 0, 0, 0, 0, 0},
    {0, 0, 0, 0, 0, 0},
    {0, 0, 0, 0, 0, 0},
    {0, 0, 0, 0, 0, 0},
    {0, 0, 0, 0, 0, 0},
    {0, 0, 0, 0, 0, 0},
    {0, 0, 0, 0, 0, 0},
    {0, 0, 0, 0, 0, 0},
    {0, 0, 0, 0, 0, 0},
    {0, 0, 0, 0, 0, 0},
    {0, 0, 0, 0, 0, 0},
    {0, 0, 0, 0, 0, 0},
    {0, 0, 0, 0, 0, 0},
    {0, 0, 0, 0, 0, 0},
    {0, 0, 0, 0, 0, 0},
    {0, 0, 0, 0, 30, 16}, // ' ' (32)
    {0, 8, 21, 5, 9, 16}, // '!' (33)
    {168, 11, 7, 5, 9, 16}, // '"' (34)
    {245, 18, 19, 0, 11, 16}, // '#' (35)
    {587, 16, 25, 0, 8, 16}, // '$' (36)
    {987, 21, 21, -2, 9, 16}, // '%' (37)
    {1428, 16, 21, 0, 9, 16}, // '&' (38)
    {1764, 5, 7, 8, 9, 16}, // ''' (39)
    {1799, 12, 28, 4, 8, 16}, // '(' (40)
    {2135, 12, 28, 1, 8, 16}, // ')' (41)
    {2471, 13, 13, 3, 9, 16}, // '*' (42)
    {2640, 15, 15, 1, 14, 16}, // '+' (43)
    {2865, 9, 10, 1, 25, 16}, // ',' (44)
    {2955, 10, 2, 3, 21, 16}, // '-' (45)
    {2975, 6, 5, 4, 25, 16}, // '.' (46)
    {3005, 18, 24, -1, 9, 16}, // '/' (47)
    {3437, 15, 19, 1, 11, 16}, // '0' (48)
    {3722, 13, 19, 1, 11, 16}, // '1' (49)
    {3969, 16, 19, 0, 11, 16}, // '2' (50)
    {4273, 15, 19, 0, 11, 16}, // '3' (51)
    {4558, 17, 19, -1, 11, 16}, // '4' (52)
    {4881, 15, 19, 1, 11, 16}, // '5' (53)
    {5166, 15, 19, 1, 11, 16}, // '6' (54)
    {5451, 15, 19, 2, 11, 16}, // '7' (55)
    {5736, 15, 19, 1, 11, 16}, // '8' (56)
    {6021, 15, 19, 1, 11, 16}, // '9' (57)
    {6306, 8, 15, 4, 15, 16}, // ':' (58)
    {6426, 11, 20, 1, 15, 16}, // ';' (59)
    {6646, 13, 16, 2, 14, 16}, // '<' (60)
    {6854, 15, 7, 1, 19, 16}, // '=' (61)
    {6959, 14, 16, 1, 14, 16}, // '>' (62)
    {7183, 11, 21, 4, 9, 16}, // '?' (63)
    {7414, 19, 27, -1, 9, 16}, // '@' (64)
    {7927, 17, 19, -2, 11, 16}, // 'A' (65)
    {8250, 16, 19, 0, 11, 16}, // 'B' (66)
    {8554, 16, 19, 1, 11, 16}, // 'C' (67)
    {8858, 17, 19, 0, 11, 16}, // 'D' (68)
    {9181, 16, 19, 1, 11, 16}, // 'E' (69)
    {9485, 16, 19, 1, 11, 16}, // 'F' (70)
    {9789, 16, 19, 1, 11, 16}, // 'G' (71)
    {10093, 18, 19, 0, 11, 16}, // 'H' (72)
    {10435, 16, 19, 1, 11, 16}, // 'I' (73)
    {10739, 16, 19, 0, 11, 16}, // 'J' (74)
    {11043, 18, 19, 0, 11, 16}, // 'K' (75)
    {11385, 13, 19, 1, 11, 16}, // 'L' (76)
    {11632, 19, 19, -1, 11, 16}, // 'M' (77)
    {11993, 18, 19, 0, 11, 16}, // 'N' (78)
    {12335, 17, 19, 0, 11, 16}, // 'O' (79)
    {12658, 17, 19, 0, 11, 16}, // 'P' (80)
    {12981, 17, 24, 0, 11, 16}, // 'Q' (81)
    {13389, 15, 19, 1, 11, 16}, // 'R' (82)
    {13674, 16, 19, 0, 11, 16}, // 'S' (83)
    {13978, 15, 19, 3, 11, 16}, // 'T' (84)
    {14263, 17, 19, 1, 11, 16}, // 'U' (85)
    {14586, 17, 19, 2, 11, 16}, // 'V' (86)
    {14909, 19, 19, 0, 11, 16}, // 'W' (87)
    {15270, 20, 19, -2, 11, 16}, // 'X' (88)
    {15650, 17, 19, 2, 11, 16}, // 'Y' (89)
    {15973, 17, 19, 0, 11, 16}, // 'Z' (90)
    {16296, 14, 27, 2, 9, 16}, // '[' (91)
    {16674, 8, 24, 5, 9, 16}, // '\' (92)
    {16866, 14, 27, 1, 9, 16}, // ']' (93)
    {17244, 14, 9, 2, 11, 16}, // '^' (94)
    {17370, 18, 2, -3, 34, 16}, // '_' (95)
    {17406, 12, 6, 0, 9, 16}, // '`' (96)
    {17478, 15, 15, 1, 15, 16}, // 'a' (97)
    {17703, 14, 21, 1, 9, 16}, // 'b' (98)
    {17997, 14, 15, 2, 15, 16}, // 'c' (99)
    {18207, 16, 21, 1, 9, 16}, // 'd' (100)
    {18543, 15, 15, 1, 15, 16}, // 'e' (101)
    {18768, 20, 27, -2, 9, 16}, // 'f' (102)
    {19308, 16, 21, 0, 15, 16}, // 'g' (103)
    {19644, 16, 21, 0, 9, 16}, // 'h' (104)
    {19980, 12, 21, 2, 9, 16}, // 'i' (105)
    {20232, 17, 27, -2, 9, 16}, // 'j' (106)
    {20691, 14, 21, 1, 9, 16}, // 'k' (107)
    {20985, 11, 21, 3, 9, 16}, // 'l' (108)
    {21216, 18, 15, -1, 15, 16}, // 'm' (109)
    {21486, 16, 15, 0, 15, 16}, // 'n' (110)
    {21726, 15, 15, 1, 15, 16}, // 'o' (111)
    {21951, 17, 21, -1, 15, 16}, // 'p' (112)
    {22308, 15, 21, 1, 15, 16}, // 'q' (113)
    {22623, 15, 15, 1, 15, 16}, // 'r' (114)
    {22848, 14, 15, 1, 15, 16}, // 's' (115)
    {23058, 15, 20, 1, 10, 16}, // 't' (116)
    {23358, 15, 15, 1, 15, 16}, // 'u' (117)
    {23583, 14, 15, 2, 15, 16}, // 'v' (118)
    {23793, 16, 15, 1, 15, 16}, // 'w' (119)
    {24033, 18, 15, -1, 15, 16}, // 'x' (120)
    {24303, 18, 21, -2, 15, 16}, // 'y' (121)
    {24681, 16, 15, 0, 15, 16}, // 'z' (122)
    {24921, 14, 27, 2, 9, 16}, // '{' (123)
    {25299, 9, 30, 4, 6, 16}, // '|' (124)
    {25569, 15, 27, 0, 9, 16}, // '}' (125)
    {25974, 16, 6, 0, 19, 16}, // '~' (126)
    {0, 0, 0, 0, 0, 0},
};

const uint8_t consolas_italic_30_font_pixels[] = {
    // Character ' ' (32)
    // Character '!' (33)
    0x00, 0x00, 0x00, 0x00, 0xcb, 0xff, 0xff, 0x46,  //     #@@:
    0x00, 0x00, 0x00, 0x01, 0xf4, 0xff, 0xfd, 0x0e,  //     @@@ 
    0x00, 0x00, 0x00, 0x23, 0xff, 0xff, 0xd1, 0x00,  //    .@@% 
    0x00, 0x00, 0x00, 0x4f, 0xff, 0xff, 0x97, 0x00,  //    -@@+ 
    0x00, 0x00, 0x00, 0x7b, 0xff, 0xff, 0x5c, 0x00,  //    =@@- 
    0x00, 0x00, 0x00, 0xa7, 0xff, 0xff, 0x22, 0x00,  //    *@@. 
    0x00, 0x00, 0x00, 0xd3, 0xff, 0xe8, 0x00, 0x00,  //    %@%  
    0x00, 0x00, 0x04, 0xf9, 0xff, 0xad, 0x00, 0x00,  //    @@*  
    0x00, 0x00, 0x2b, 0xff, 0xff, 0x73, 0x00, 0x00,  //   .@@=  
    0x00, 0x00, 0x57, 0xff, 0xff, 0x38, 0x00, 0x00,  //   -@@:  
    0x00, 0x00, 0x83, 0xff, 0xf7, 0x06, 0x00, 0x00,  //   +@@   
    0x00, 0x00, 0xaf, 0xff, 0xc4, 0x00, 0x00, 0x00,  //   *@#   
    0x00, 0x00, 0xdb, 0xff, 0x89, 0x00, 0x00, 0x00,  //   %@+   
    0x00, 0x09, 0xfd, 0xff, 0x4f, 0x00, 0x00, 0x00,  //   @@-   
    0x00, 0x32, 0xff, 0xff, 0x15, 0x00, 0x00, 0x00,  //  .@@    
    0x00, 0x00, 0x00, 0x00, 0x00, 0x00, 0x00, 0x00,  //         
    0x00, 0x00, 0x00, 0x00, 0x00, 0x00, 0x00, 0x00,  //         
    0x36, 0xd9, 0xe8, 0x4e, 0x00, 0x00, 0x00, 0x00,  // :%%-    
    0xc7, 0xff, 0xff, 0xdf, 0x00, 0x00, 0x00, 0x00,  // #@@%    
    0xd1, 0xff, 0xff, 0xd7, 0x00, 0x00, 0x00, 0x00,  // %@@%    
    0x46, 0xe3, 0xe1, 0x43, 0x00, 0x00, 0x00, 0x00,  // :%%:    
    // Character '"' (34)
    0x00, 0xa6, 0xff, 0xff, 0x86, 0x00, 0x00, 0xf5, 0xff, 0xff, 0x3a,  //  *@@+  @@@:
    0x00, 0xc8, 0xff, 0xff, 0x45, 0x00, 0x18, 0xff, 0xff, 0xf4, 0x05,  //  #@@:  @@@ 
    0x00, 0xeb, 0xff, 0xf9, 0x0a, 0x00, 0x3b, 0xff, 0xff, 0xb7, 0x00,  //  @@@  :@@# 
    0x0e, 0xff, 0xff, 0xc1, 0x00, 0x00, 0x5e, 0xff, 0xff, 0x75, 0x00,  //  @@#  -@@= 
    0x31, 0xff, 0xff, 0x80, 0x00, 0x00, 0x81, 0xff, 0xff, 0x34, 0x00,  // .@@=  =@@: 
    0x54, 0xff, 0xff, 0x3e, 0x00, 0x00, 0xa4, 0xff, 0xef, 0x02, 0x00,  // -@@:  *@@  
    0x77, 0xff, 0xf6, 0x06, 0x00, 0x00, 0xc7, 0xff, 0xb0, 0x00, 0x00,  // =@@   #@*  
    // Character '#' (35)
    0x00, 0x00, 0x00, 0x00, 0x00, 0x00, 0x00, 0xae, 0xff, 0x7e, 0x00, 0x00, 0x00, 0xc6, 0xff, 0x66, 0x00, 0x00,  //        *@=   #@-  
    0x00, 0x00, 0x00, 0x00, 0x00, 0x00, 0x05, 0xf2, 0xff, 0x34, 0x00, 0x00, 0x12, 0xfc, 0xff, 0x1c, 0x00, 0x00,  //        @@:   @@.  
    0x00, 0x00, 0x00, 0x00, 0x00, 0x00, 0x42, 0xff, 0xe8, 0x01, 0x00, 0x00, 0x5a, 0xff, 0xd1, 0x00, 0x00, 0x00,  //       :@%   -@%   
    0x00, 0x00, 0x00, 0x00, 0x00, 0x00, 0x8d, 0xff, 0x9f, 0x00, 0x00, 0x00, 0xa5, 0xff, 0x87, 0x00, 0x00, 0x00,  //       +@*   *@+   
    0x00, 0x00, 0x00, 0x00, 0x00, 0x00, 0xd7, 0xff, 0x55, 0x00, 0x00, 0x02, 0xec, 0xff, 0x3d, 0x00, 0x00, 0x00,  //       %@-   @@:   
    0x00, 0x00, 0x5f, 0xff, 0xff, 0xff, 0xff, 0xff, 0xff, 0xff, 0xff, 0xff, 0xff, 0xff, 0xff, 0xff, 0xff, 0x23,  //   -@@@@@@@@@@@@@@.
    0x00, 0x00, 0x8a, 0xff, 0xff, 0xff, 0xff, 0xff, 0xff, 0xff, 0xff, 0xff, 0xff, 0xff, 0xff, 0xff, 0xf2, 0x01,  //   +@@@@@@@@@@@@@@ 
    0x00, 0x00, 0x00, 0x00, 0x00, 0xb4, 0xff, 0x77, 0x00, 0x00, 0x00, 0xcd, 0xff, 0x5b, 0x00, 0x00, 0x00, 0x00,  //      *@=   #@-    
    0x00, 0x00, 0x00, 0x00, 0x0b, 0xf7, 0xff, 0x28, 0x00, 0x00, 0x1d, 0xff, 0xfb, 0x11, 0x00, 0x00, 0x00, 0x00,  //      @@.  .@@     
    0x00, 0x00, 0x00, 0x00, 0x52, 0xff, 0xd9, 0x00, 0x00, 0x00, 0x6d, 0xff, 0xbd, 0x00, 0x00, 0x00, 0x00, 0x00,  //     -@%   =@#     
    0x00, 0x00, 0x00, 0x00, 0xa1, 0xff, 0x8a, 0x00, 0x00, 0x00, 0xbd, 0xff, 0x6e, 0x00, 0x00, 0x00, 0x00, 0x00,  //     *@+   #@=     
    0x00, 0x00, 0x00, 0x03, 0xec, 0xff, 0x3b, 0x00, 0x00, 0x10, 0xfb, 0xff, 0x20, 0x00, 0x00, 0x00, 0x00, 0x00,  //     @@:   @@.     
    0x82, 0xff, 0xff, 0xff, 0xff, 0xff, 0xff, 0xff, 0xff, 0xff, 0xff, 0xff, 0xff, 0xff, 0xf2, 0x01, 0x00, 0x00,  // +@@@@@@@@@@@@@@   
    0xb3, 0xff, 0xff, 0xff, 0xff, 0xff, 0xff, 0xff, 0xff, 0xff, 0xff, 0xff, 0xff, 0xff, 0xc3, 0x00, 0x00, 0x00,  // *@@@@@@@@@@@@@#   
    0x00, 0x00, 0x00, 0xd2, 0xff, 0x55, 0x00, 0x00, 0x03, 0xea, 0xff, 0x3a, 0x00, 0x00, 0x00, 0x00, 0x00, 0x00,  //    %@-   @@:      
    0x00, 0x00, 0x25, 0xff, 0xf7, 0x0b, 0x00, 0x00, 0x40, 0xff, 0xe6, 0x01, 0x00, 0x00, 0x00, 0x00, 0x00, 0x00,  //   .@@   :@%       
    0x00, 0x00, 0x78, 0xff, 0xaf, 0x00, 0x00, 0x00, 0x92, 0xff, 0x95, 0x00, 0x00, 0x00, 0x00, 0x00, 0x00, 0x00,  //   =@*   +@+       
    0x00, 0x00, 0xcb, 0xff, 0x5c, 0x00, 0x00, 0x01, 0xe3, 0xff, 0x43, 0x00, 0x00, 0x00, 0x00, 0x00, 0x00, 0x00,  //   #@-   %@:       
    0x00, 0x1f, 0xff, 0xf9, 0x0f, 0x00, 0x00, 0x37, 0xff, 0xed, 0x04, 0x00, 0x00, 0x00, 0x00, 0x00, 0x00, 0x00,  //  .@@   :@@        
    // Character '$' (36)
    0x00, 0x00, 0x00, 0x00, 0x00, 0x00, 0x00, 0x00, 0x00, 0x00, 0x00, 0xac, 0xff, 0x92, 0x00, 0x00,  //            *@+  
    0x00, 0x00, 0x00, 0x00, 0x00, 0x00, 0x00, 0x00, 0x00, 0x00, 0x08, 0xf3, 0xff, 0x41, 0x00, 0x00,  //            @@:  
    0x00, 0x00, 0x00, 0x00, 0x00, 0x00, 0x00, 0x00, 0x00, 0x00, 0x4e, 0xff, 0xec, 0x03, 0x00, 0x00,  //           -@@   
    0x00, 0x00, 0x00, 0x00, 0x00, 0x00, 0x25, 0x84, 0xc5, 0xee, 0xff, 0xff, 0xfe, 0xca, 0x76, 0x12,  //       .+#@@@@#= 
    0x00, 0x00, 0x00, 0x00, 0x09, 0x99, 0xfe, 0xff, 0xff, 0xff, 0xff, 0xff, 0xff, 0xff, 0xff, 0x76,  //      +@@@@@@@@@=
    0x00, 0x00, 0x00, 0x03, 0xbd, 0xff, 0xfc, 0xa0, 0x38, 0x66, 0xff, 0xe4, 0x1e, 0x60, 0xc0, 0x3b,  //     #@@*:-@%.-#:
    0x00, 0x00, 0x00, 0x6c, 0xff, 0xff, 0x61, 0x00, 0x00, 0xb0, 0xff, 0x92, 0x00, 0x00, 0x00, 0x00,  //    =@@-  *@+    
    0x00, 0x00, 0x00, 0xc8, 0xff, 0xe8, 0x01, 0x00, 0x0b, 0xf7, 0xff, 0x3e, 0x00, 0x00, 0x00, 0x00,  //    #@%   @@:    
    0x00, 0x00, 0x00, 0xe9, 0xff, 0xdc, 0x00, 0x00, 0x56, 0xff, 0xe7, 0x02, 0x00, 0x00, 0x00, 0x00,  //    %@%  -@%     
    0x00, 0x00, 0x00, 0xd0, 0xff, 0xff, 0x4b, 0x00, 0xa9, 0xff, 0x96, 0x00, 0x00, 0x00, 0x00, 0x00,  //    %@@: *@+     
    0x00, 0x00, 0x00, 0x5c, 0xff, 0xff, 0xfa, 0x8f, 0xf3, 0xff, 0x42, 0x00, 0x00, 0x00, 0x00, 0x00,  //    -@@@+@@:     
    0x00, 0x00, 0x00, 0x00, 0x86, 0xff, 0xff, 0xff, 0xff, 0xfe, 0x3b, 0x00, 0x00, 0x00, 0x00, 0x00,  //     +@@@@@:     
    0x00, 0x00, 0x00, 0x00, 0x00, 0x46, 0xcb, 0xff, 0xff, 0xff, 0xff, 0xae, 0x16, 0x00, 0x00, 0x00,  //      :#@@@@*    
    0x00, 0x00, 0x00, 0x00, 0x00, 0x00, 0x09, 0xf6, 0xff, 0xfd, 0xff, 0xff, 0xe5, 0x2c, 0x00, 0x00,  //        @@@@@%.  
    0x00, 0x00, 0x00, 0x00, 0x00, 0x00, 0x4f, 0xff, 0xeb, 0x23, 0xb0, 0xff, 0xff, 0xd4, 0x01, 0x00,  //       -@@.*@@%  
    0x00, 0x00, 0x00, 0x00, 0x00, 0x00, 0xa1, 0xff, 0x9b, 0x00, 0x01, 0xc2, 0xff, 0xff, 0x2c, 0x00,  //       *@+  #@@. 
    0x00, 0x00, 0x00, 0x00, 0x00, 0x05, 0xee, 0xff, 0x49, 0x00, 0x00, 0x88, 0xff, 0xff, 0x33, 0x00,  //       @@:  +@@. 
    0x00, 0x00, 0x00, 0x00, 0x00, 0x46, 0xff, 0xf0, 0x06, 0x00, 0x00, 0xb3, 0xff, 0xf8, 0x0d, 0x00,  //      :@@   *@@  
    0x00, 0x00, 0x00, 0x00, 0x00, 0x99, 0xff, 0xa3, 0x00, 0x00, 0x3e, 0xfc, 0xff, 0xa6, 0x00, 0x00,  //      +@*  :@@*  
    0x64, 0xba, 0x65, 0x2d, 0x0d, 0xe8, 0xff, 0x5b, 0x32, 0x89, 0xf8, 0xff, 0xe5, 0x15, 0x00, 0x00,  // -#-. %@-.+@@%   
    0xa5, 0xff, 0xff, 0xff, 0xff, 0xff, 0xff, 0xff, 0xff, 0xff, 0xff, 0xbe, 0x20, 0x00, 0x00, 0x00,  // *@@@@@@@@@@#.   
    0x19, 0x6e, 0xb1, 0xe0, 0xff, 0xff, 0xfc, 0xea, 0xc8, 0x8f, 0x39, 0x00, 0x00, 0x00, 0x00, 0x00,  //  =*%@@@@#+:     
    0x00, 0x00, 0x00, 0x0f, 0xf6, 0xff, 0x39, 0x00, 0x00, 0x00, 0x00, 0x00, 0x00, 0x00, 0x00, 0x00,  //     @@:         
    0x00, 0x00, 0x00, 0x6b, 0xff, 0xd5, 0x00, 0x00, 0x00, 0x00, 0x00, 0x00, 0x00, 0x00, 0x00, 0x00,  //    =@%          
    0x00, 0x00, 0x00, 0xce, 0xff, 0x71, 0x00, 0x00, 0x00, 0x00, 0x00, 0x00, 0x00, 0x00, 0x00, 0x00,  //    #@=          
    // Character '%' (37)
    0x00, 0x00, 0x00, 0x00, 0x00, 0x00, 0x41, 0xbe, 0xf3, 0xe4, 0x98, 0x0e, 0x00, 0x00, 0x00, 0x00, 0x00, 0x25, 0xee, 0xff, 0x78,  //       :#@%+      .@@=
    0x00, 0x00, 0x00, 0x00, 0x00, 0x60, 0xfe, 0xff, 0xff, 0xff, 0xff, 0xa6, 0x00, 0x00, 0x00, 0x00, 0x10, 0xd8, 0xff, 0xa1, 0x00,  //      -@@@@@*     %@* 
    0x00, 0x00, 0x00, 0x00, 0x1e, 0xf6, 0xff, 0x84, 0x0c, 0x61, 0xff, 0xfc, 0x06, 0x00, 0x00, 0x04, 0xbc, 0xff, 0xc3, 0x06, 0x00,  //     .@@+ -@@    #@#  
    0x00, 0x00, 0x00, 0x00, 0x85, 0xff, 0xc3, 0x00, 0x00, 0x0b, 0xff, 0xff, 0x1d, 0x00, 0x00, 0x97, 0xff, 0xde, 0x15, 0x00, 0x00,  //     +@#   @@.  +@%   
    0x00, 0x00, 0x00, 0x00, 0xc4, 0xff, 0x6b, 0x00, 0x00, 0x25, 0xff, 0xfc, 0x09, 0x00, 0x6e, 0xff, 0xf1, 0x2b, 0x00, 0x00, 0x00,  //     #@=  .@@  =@@.   
    0x00, 0x00, 0x00, 0x00, 0xda, 0xff, 0x4d, 0x00, 0x00, 0x7b, 0xff, 0xc6, 0x00, 0x48, 0xfc, 0xfc, 0x49, 0x00, 0x00, 0x00, 0x00,  //     %@:  =@# :@@:    
    0x00, 0x00, 0x00, 0x00, 0xc1, 0xff, 0x9e, 0x0c, 0x45, 0xf6, 0xff, 0x58, 0x2a, 0xf1, 0xff, 0x6e, 0x00, 0x00, 0x00, 0x00, 0x00,  //     #@* :@@-.@@=     
    0x00, 0x00, 0x00, 0x00, 0x65, 0xff, 0xff, 0xff, 0xff, 0xff, 0xa6, 0x15, 0xdd, 0xff, 0x98, 0x00, 0x00, 0x00, 0x00, 0x00, 0x00,  //     -@@@@@* %@+      
    0x00, 0x00, 0x00, 0x00, 0x01, 0x73, 0xe4, 0xf9, 0xd9, 0x73, 0x09, 0xc2, 0xff, 0xbc, 0x04, 0x00, 0x00, 0x00, 0x00, 0x00, 0x00,  //      =%@%= #@#       
    0x00, 0x00, 0x00, 0x00, 0x00, 0x00, 0x00, 0x00, 0x00, 0x00, 0x9f, 0xff, 0xd9, 0x11, 0x00, 0x00, 0x00, 0x00, 0x00, 0x00, 0x00,  //           *@%        
    0x00, 0x00, 0x00, 0x00, 0x00, 0x00, 0x00, 0x00, 0x00, 0x76, 0xff, 0xee, 0x25, 0x00, 0x00, 0x00, 0x00, 0x00, 0x00, 0x00, 0x00,  //          =@@.        
    0x00, 0x00, 0x00, 0x00, 0x00, 0x00, 0x00, 0x00, 0x4f, 0xfd, 0xfa, 0x41, 0x00, 0x00, 0x00, 0x00, 0x00, 0x00, 0x00, 0x00, 0x00,  //         -@@:         
    0x00, 0x00, 0x00, 0x00, 0x00, 0x00, 0x00, 0x2f, 0xf4, 0xff, 0x66, 0x17, 0x9c, 0xe8, 0xf1, 0xbf, 0x32, 0x00, 0x00, 0x00, 0x00,  //        .@@- *%@#.    
    0x00, 0x00, 0x00, 0x00, 0x00, 0x00, 0x17, 0xe1, 0xff, 0x8e, 0x1f, 0xe4, 0xff, 0xff, 0xff, 0xff, 0xec, 0x11, 0x00, 0x00, 0x00,  //        %@+.%@@@@@    
    0x00, 0x00, 0x00, 0x00, 0x00, 0x08, 0xc8, 0xff, 0xb5, 0x02, 0xbb, 0xff, 0xc7, 0x1d, 0x26, 0xea, 0xff, 0x5a, 0x00, 0x00, 0x00,  //       #@* #@#..@@-   
    0x00, 0x00, 0x00, 0x00, 0x00, 0xa6, 0xff, 0xd3, 0x0d, 0x2b, 0xff, 0xfd, 0x1f, 0x00, 0x00, 0xb4, 0xff, 0x75, 0x00, 0x00, 0x00,  //      *@% .@@.  *@=   
    0x00, 0x00, 0x00, 0x00, 0x7e, 0xff, 0xea, 0x20, 0x00, 0x6b, 0xff, 0xc4, 0x00, 0x00, 0x00, 0xd0, 0xff, 0x5c, 0x00, 0x00, 0x00,  //     =@@. =@#   %@-   
    0x00, 0x00, 0x00, 0x55, 0xfe, 0xf8, 0x3b, 0x00, 0x00, 0x82, 0xff, 0xa6, 0x00, 0x00, 0x26, 0xfe, 0xfe, 0x1c, 0x00, 0x00, 0x00,  //    -@@:  +@*  .@@.   
    0x00, 0x00, 0x34, 0xf6, 0xff, 0x5d, 0x00, 0x00, 0x00, 0x6a, 0xff, 0xdf, 0x1e, 0x1d, 0xcc, 0xff, 0xae, 0x00, 0x00, 0x00, 0x00,  //   :@@-   =@%..#@*    
    0x00, 0x1b, 0xe6, 0xff, 0x85, 0x00, 0x00, 0x00, 0x00, 0x19, 0xf6, 0xff, 0xff, 0xff, 0xff, 0xe3, 0x1b, 0x00, 0x00, 0x00, 0x00,  //  .%@+     @@@@@%.    
    0x0a, 0xce, 0xff, 0xae, 0x01, 0x00, 0x00, 0x00, 0x00, 0x00, 0x3b, 0xcd, 0xf9, 0xe9, 0x9f, 0x18, 0x00, 0x00, 0x00, 0x00, 0x00,  //  #@*      :#@%*      
    // Character '&' (38)
    0x00, 0x00, 0x00, 0x00, 0x00, 0x00, 0x1e, 0x92, 0xdb, 0xf8, 0xf0, 0xbb, 0x41, 0x00, 0x00, 0x00,  //       .+%@@#:   
    0x00, 0x00, 0x00, 0x00, 0x00, 0x47, 0xf3, 0xff, 0xff, 0xff, 0xff, 0xff, 0xfd, 0x52, 0x00, 0x00,  //      :@@@@@@@-  
    0x00, 0x00, 0x00, 0x00, 0x20, 0xf2, 0xff, 0xd9, 0x36, 0x09, 0x47, 0xf4, 0xff, 0xdf, 0x00, 0x00,  //     .@@%: :@@%  
    0x00, 0x00, 0x00, 0x00, 0x96, 0xff, 0xfb, 0x23, 0x00, 0x00, 0x00, 0x98, 0xff, 0xff, 0x1d, 0x00,  //     +@@.   +@@. 
    0x00, 0x00, 0x00, 0x00, 0xe1, 0xff, 0xc2, 0x00, 0x00, 0x00, 0x00, 0x87, 0xff, 0xff, 0x21, 0x00,  //     %@#    +@@. 
    0x00, 0x00, 0x00, 0x00, 0xfd, 0xff, 0xa9, 0x00, 0x00, 0x00, 0x03, 0xd0, 0xff, 0xee, 0x04, 0x00,  //     @@*    %@@  
    0x00, 0x00, 0x00, 0x00, 0xf3, 0xff, 0xc9, 0x00, 0x00, 0x00, 0x87, 0xff, 0xff, 0x82, 0x00, 0x00,  //     @@#   +@@+  
    0x00, 0x00, 0x00, 0x00, 0xc1, 0xff, 0xfe, 0x23, 0x14, 0xa9, 0xff, 0xff, 0xb9, 0x05, 0x00, 0x00,  //     #@@. *@@#   
    0x00, 0x00, 0x00, 0x00, 0x6a, 0xff, 0xff, 0xcb, 0xef, 0xff, 0xfe, 0x94, 0x06, 0x00, 0x00, 0x00,  //     =@@#@@@+    
    0x00, 0x00, 0x00, 0x00, 0x18, 0xf9, 0xff, 0xff, 0xff, 0xc8, 0x3a, 0x00, 0x00, 0x00, 0x00, 0x00,  //      @@@@#:     
    0x00, 0x00, 0x00, 0x40, 0xd6, 0xff, 0xff, 0xff, 0xd9, 0x01, 0x00, 0x00, 0x00, 0x00, 0x00, 0x00,  //    :%@@@%       
    0x00, 0x00, 0x69, 0xfd, 0xff, 0xeb, 0xd3, 0xff, 0xff, 0x56, 0x00, 0x00, 0x39, 0xff, 0xff, 0x5b,  //   =@@@%@@-  :@@-
    0x00, 0x68, 0xff, 0xff, 0xbb, 0x13, 0x2d, 0xfc, 0xff, 0xdf, 0x07, 0x00, 0x7b, 0xff, 0xff, 0x1c,  //  =@@# .@@%  =@@.
    0x18, 0xf6, 0xff, 0xca, 0x07, 0x00, 0x00, 0x96, 0xff, 0xff, 0x78, 0x00, 0xc8, 0xff, 0xca, 0x00,  //  @@#   +@@= #@# 
    0x77, 0xff, 0xff, 0x3f, 0x00, 0x00, 0x00, 0x13, 0xee, 0xff, 0xf2, 0x4f, 0xff, 0xff, 0x68, 0x00,  // =@@:    @@@-@@= 
    0xab, 0xff, 0xfc, 0x07, 0x00, 0x00, 0x00, 0x00, 0x6e, 0xff, 0xff, 0xf8, 0xff, 0xe5, 0x07, 0x00,  // *@@     =@@@@%  
    0xb5, 0xff, 0xfd, 0x07, 0x00, 0x00, 0x00, 0x00, 0x04, 0xd5, 0xff, 0xff, 0xff, 0x56, 0x00, 0x00,  // *@@      %@@@-  
    0x96, 0xff, 0xff, 0x47, 0x00, 0x00, 0x00, 0x00, 0x01, 0x9e, 0xff, 0xff, 0xec, 0x06, 0x00, 0x00,  // +@@:     *@@@   
    0x3e, 0xff, 0xff, 0xe2, 0x4f, 0x10, 0x0e, 0x49, 0xc2, 0xff, 0xff, 0xff, 0xff, 0x75, 0x00, 0x00,  // :@@%-  :#@@@@=  
    0x00, 0x89, 0xff, 0xff, 0xff, 0xff, 0xff, 0xff, 0xff, 0xf2, 0x7a, 0xf8, 0xff, 0xf1, 0x17, 0x00,  //  +@@@@@@@@=@@@  
    0x00, 0x00, 0x4a, 0xb4, 0xe9, 0xfb, 0xee, 0xc4, 0x79, 0x14, 0x00, 0x8a, 0xff, 0xff, 0x9d, 0x00,  //   :*%@@#=  +@@* 
    // Character ''' (39)
    0x00, 0xda, 0xff, 0xff, 0x6e,  //  %@@=
    0x03, 0xfa, 0xff, 0xff, 0x2d,  //  @@@.
    0x21, 0xff, 0xff, 0xea, 0x01,  // .@@@ 
    0x44, 0xff, 0xff, 0xa9, 0x00,  // :@@* 
    0x68, 0xff, 0xff, 0x68, 0x00,  // =@@= 
    0x8b, 0xff, 0xff, 0x26, 0x00,  // +@@. 
    0xae, 0xff, 0xe4, 0x00, 0x00,  // *@%  
    // Character '(' (40)
    0x00, 0x00, 0x00, 0x00, 0x00, 0x00, 0x00, 0x00, 0x04, 0x9a, 0x5b, 0x00,  //          +- 
    0x00, 0x00, 0x00, 0x00, 0x00, 0x00, 0x00, 0x10, 0xbc, 0xff, 0xed, 0x0b,  //         #@@ 
    0x00, 0x00, 0x00, 0x00, 0x00, 0x00, 0x14, 0xd2, 0xff, 0xf1, 0x3f, 0x00,  //        %@@: 
    0x00, 0x00, 0x00, 0x00, 0x00, 0x12, 0xd0, 0xff, 0xeb, 0x30, 0x00, 0x00,  //       %@@.  
    0x00, 0x00, 0x00, 0x00, 0x07, 0xc8, 0xff, 0xf5, 0x36, 0x00, 0x00, 0x00,  //      #@@:   
    0x00, 0x00, 0x00, 0x00, 0x9d, 0xff, 0xfd, 0x4b, 0x00, 0x00, 0x00, 0x00,  //     *@@:    
    0x00, 0x00, 0x00, 0x61, 0xff, 0xff, 0x83, 0x00, 0x00, 0x00, 0x00, 0x00,  //    -@@+     
    0x00, 0x00, 0x17, 0xee, 0xff, 0xc7, 0x04, 0x00, 0x00, 0x00, 0x00, 0x00,  //    @@#      
    0x00, 0x00, 0xa3, 0xff, 0xfd, 0x30, 0x00, 0x00, 0x00, 0x00, 0x00, 0x00,  //   *@@.      
    0x00, 0x23, 0xfc, 0xff, 0x9d, 0x00, 0x00, 0x00, 0x00, 0x00, 0x00, 0x00,  //  .@@*       
    0x00, 0x95, 0xff, 0xfe, 0x27, 0x00, 0x00, 0x00, 0x00, 0x00, 0x00, 0x00,  //  +@@.       
    0x03, 0xeb, 0xff, 0xb9, 0x00, 0x00, 0x00, 0x00, 0x00, 0x00, 0x00, 0x00,  //  @@#        
    0x41, 0xff, 0xff, 0x67, 0x00, 0x00, 0x00, 0x00, 0x00, 0x00, 0x00, 0x00,  // :@@-        
    0x7c, 0xff, 0xff, 0x20, 0x00, 0x00, 0x00, 0x00, 0x00, 0x00, 0x00, 0x00,  // =@@.        
    0xab, 0xff, 0xf1, 0x00, 0x00, 0x00, 0x00, 0x00, 0x00, 0x00, 0x00, 0x00,  // *@@         
    0xcb, 0xff, 0xce, 0x00, 0x00, 0x00, 0x00, 0x00, 0x00, 0x00, 0x00, 0x00,  // #@#         
    0xda, 0xff, 0xbf, 0x00, 0x00, 0x00, 0x00, 0x00, 0x00, 0x00, 0x00, 0x00,  // %@#         
    0xdf, 0xff, 0xc2, 0x00, 0x00, 0x00, 0x00, 0x00, 0x00, 0x00, 0x00, 0x00,  // %@#         
    0xd2, 0xff, 0xd8, 0x00, 0x00, 0x00, 0x00, 0x00, 0x00, 0x00, 0x00, 0x00,  // %@%         
    0xb2, 0xff, 0xf1, 0x01, 0x00, 0x00, 0x00, 0x00, 0x00, 0x00, 0x00, 0x00,  // *@@         
    0x81, 0xff, 0xff, 0x30, 0x00, 0x00, 0x00, 0x00, 0x00, 0x00, 0x00, 0x00,  // =@@.        
    0x3e, 0xff, 0xff, 0x74, 0x00, 0x00, 0x00, 0x00, 0x00, 0x00, 0x00, 0x00,  // :@@=        
    0x02, 0xe4, 0xff, 0xd6, 0x01, 0x00, 0x00, 0x00, 0x00, 0x00, 0x00, 0x00,  //  %@%        
    0x00, 0x7a, 0xff, 0xff, 0x51, 0x00, 0x00, 0x00, 0x00, 0x00, 0x00, 0x00,  //  =@@-       
    0x00, 0x0f, 0xea, 0xff, 0xd4, 0x06, 0x00, 0x00, 0x00, 0x00, 0x00, 0x00,  //   @@%       
    0x00, 0x00, 0x61, 0xff, 0xff, 0x89, 0x00, 0x00, 0x00, 0x00, 0x00, 0x00,  //   -@@+      
    0x00, 0x00, 0x00, 0xb1, 0xff, 0xf5, 0x14, 0x00, 0x00, 0x00, 0x00, 0x00,  //    *@@      
    0x00, 0x00, 0x00, 0x0f, 0xbe, 0x38, 0x00, 0x00, 0x00, 0x00, 0x00, 0x00,  //     #:      
    // Character ')' (41)
    0x00, 0x00, 0x00, 0x00, 0x00, 0x02, 0x88, 0x79, 0x00, 0x00, 0x00, 0x00,  //       +=    
    0x00, 0x00, 0x00, 0x00, 0x00, 0x76, 0xff, 0xfe, 0x45, 0x00, 0x00, 0x00,  //      =@@:   
    0x00, 0x00, 0x00, 0x00, 0x00, 0x12, 0xe6, 0xff, 0xe5, 0x0e, 0x00, 0x00,  //       %@%   
    0x00, 0x00, 0x00, 0x00, 0x00, 0x00, 0x4a, 0xff, 0xff, 0x8a, 0x00, 0x00,  //       :@@+  
    0x00, 0x00, 0x00, 0x00, 0x00, 0x00, 0x00, 0xc2, 0xff, 0xf5, 0x14, 0x00,  //        #@@  
    0x00, 0x00, 0x00, 0x00, 0x00, 0x00, 0x00, 0x4a, 0xff, 0xff, 0x76, 0x00,  //        :@@= 
    0x00, 0x00, 0x00, 0x00, 0x00, 0x00, 0x00, 0x00, 0xe4, 0xff, 0xcf, 0x00,  //         %@# 
    0x00, 0x00, 0x00, 0x00, 0x00, 0x00, 0x00, 0x00, 0xa0, 0xff, 0xfe, 0x14,  //         *@@ 
    0x00, 0x00, 0x00, 0x00, 0x00, 0x00, 0x00, 0x00, 0x60, 0xff, 0xff, 0x44,  //         -@@:
    0x00, 0x00, 0x00, 0x00, 0x00, 0x00, 0x00, 0x00, 0x45, 0xff, 0xff, 0x65,  //         :@@-
    0x00, 0x00, 0x00, 0x00, 0x00, 0x00, 0x00, 0x00, 0x2f, 0xff, 0xff, 0x73,  //         .@@=
    0x00, 0x00, 0x00, 0x00, 0x00, 0x00, 0x00, 0x00, 0x2c, 0xff, 0xff, 0x6e,  //         .@@=
    0x00, 0x00, 0x00, 0x00, 0x00, 0x00, 0x00, 0x00, 0x3c, 0xff, 0xff, 0x5e,  //         :@@-
    0x00, 0x00, 0x00, 0x00, 0x00, 0x00, 0x00, 0x00, 0x61, 0xff, 0xff, 0x3f,  //         -@@:
    0x00, 0x00, 0x00, 0x00, 0x00, 0x00, 0x00, 0x00, 0x90, 0xff, 0xff, 0x10,  //         +@@ 
    0x00, 0x00, 0x00, 0x00, 0x00, 0x00, 0x00, 0x00, 0xd6, 0xff, 0xd5, 0x00,  //         %@% 
    0x00, 0x00, 0x00, 0x00, 0x00, 0x00, 0x00, 0x26, 0xff, 0xff, 0x83, 0x00,  //        .@@+ 
    0x00, 0x00, 0x00, 0x00, 0x00, 0x00, 0x00, 0x91, 0xff, 0xfe, 0x29, 0x00,  //        +@@. 
    0x00, 0x00, 0x00, 0x00, 0x00, 0x00, 0x15, 0xf2, 0xff, 0xb1, 0x00, 0x00,  //        @@*  
    0x00, 0x00, 0x00, 0x00, 0x00, 0x00, 0x99, 0xff, 0xfe, 0x34, 0x00, 0x00,  //       +@@:  
    0x00, 0x00, 0x00, 0x00, 0x00, 0x38, 0xfd, 0xff, 0x95, 0x00, 0x00, 0x00,  //      :@@+   
    0x00, 0x00, 0x00, 0x00, 0x0e, 0xde, 0xff, 0xe1, 0x0e, 0x00, 0x00, 0x00,  //      %@%    
    0x00, 0x00, 0x00, 0x02, 0xae, 0xff, 0xf7, 0x34, 0x00, 0x00, 0x00, 0x00,  //     *@@:    
    0x00, 0x00, 0x00, 0x96, 0xff, 0xff, 0x5d, 0x00, 0x00, 0x00, 0x00, 0x00,  //    +@@-     
    0x00, 0x00, 0x87, 0xff, 0xff, 0x70, 0x00, 0x00, 0x00, 0x00, 0x00, 0x00,  //   +@@=      
    0x03, 0x9c, 0xff, 0xff, 0x74, 0x00, 0x00, 0x00, 0x00, 0x00, 0x00, 0x00,  //  *@@=       
    0x69, 0xff, 0xfa, 0x61, 0x00, 0x00, 0x00, 0x00, 0x00, 0x00, 0x00, 0x00,  // =@@-        
    0x05, 0xb4, 0x40, 0x00, 0x00, 0x00, 0x00, 0x00, 0x00, 0x00, 0x00, 0x00,  //  *:         
    // Character '*' (42)
    0x00, 0x00, 0x00, 0x00, 0x00, 0x5b, 0xff, 0xab, 0x00, 0x00, 0x00, 0x00, 0x00,  //      -@*     
    0x00, 0x00, 0x00, 0x00, 0x00, 0x47, 0xff, 0x9b, 0x00, 0x00, 0x00, 0x00, 0x00,  //      :@+     
    0x00, 0x6a, 0x86, 0x04, 0x00, 0x33, 0xff, 0x8b, 0x00, 0x00, 0x4e, 0xa6, 0x00,  //  =+  .@+  -* 
    0x0a, 0xe8, 0xff, 0xc8, 0x22, 0x1f, 0xff, 0x7b, 0x06, 0x8f, 0xff, 0xff, 0x2f,  //  %@#..@= +@@.
    0x00, 0x55, 0xde, 0xff, 0xf2, 0x66, 0xff, 0x8e, 0xcb, 0xff, 0xff, 0xd3, 0x2f,  //  -%@@-@+#@@%.
    0x00, 0x00, 0x07, 0x78, 0xf2, 0xff, 0xff, 0xff, 0xff, 0xf5, 0x77, 0x05, 0x00,  //    =@@@@@@=  
    0x00, 0x00, 0x00, 0x00, 0x3d, 0xf3, 0xff, 0xff, 0xb3, 0x1f, 0x00, 0x00, 0x00,  //     :@@@*.   
    0x00, 0x00, 0x44, 0xb4, 0xea, 0x68, 0xff, 0x89, 0x97, 0x72, 0x17, 0x00, 0x00,  //   :*@=@++=   
    0x09, 0xcf, 0xff, 0xbd, 0x1a, 0x27, 0xff, 0x79, 0x04, 0x88, 0xfa, 0xb4, 0x2a,  //  #@#..@= +@*.
    0x00, 0x88, 0x77, 0x01, 0x00, 0x36, 0xff, 0x88, 0x00, 0x00, 0x47, 0xbc, 0x08,  //  +=  :@+  :# 
    0x00, 0x00, 0x00, 0x00, 0x00, 0x46, 0xff, 0x96, 0x00, 0x00, 0x00, 0x00, 0x00,  //      :@+     
    0x00, 0x00, 0x00, 0x00, 0x00, 0x55, 0xff, 0xa5, 0x00, 0x00, 0x00, 0x00, 0x00,  //      -@*     
    0x00, 0x00, 0x00, 0x00, 0x00, 0x30, 0x80, 0x58, 0x00, 0x00, 0x00, 0x00, 0x00,  //      .=-     
    // Character '+' (43)
    0x00, 0x00, 0x00, 0x00, 0x00, 0x00, 0x00, 0x1b, 0x34, 0x33, 0x00, 0x00, 0x00, 0x00, 0x00,  //        .:.     
    0x00, 0x00, 0x00, 0x00, 0x00, 0x00, 0x00, 0xa4, 0xff, 0xe0, 0x00, 0x00, 0x00, 0x00, 0x00,  //        *@%     
    0x00, 0x00, 0x00, 0x00, 0x00, 0x00, 0x00, 0xd6, 0xff, 0xae, 0x00, 0x00, 0x00, 0x00, 0x00,  //        %@*     
    0x00, 0x00, 0x00, 0x00, 0x00, 0x00, 0x0a, 0xfc, 0xff, 0x7c, 0x00, 0x00, 0x00, 0x00, 0x00,  //        @@=     
    0x00, 0x00, 0x00, 0x00, 0x00, 0x00, 0x3a, 0xff, 0xff, 0x4a, 0x00, 0x00, 0x00, 0x00, 0x00,  //       :@@:     
    0x00, 0x00, 0x00, 0x00, 0x00, 0x00, 0x6c, 0xff, 0xff, 0x18, 0x00, 0x00, 0x00, 0x00, 0x00,  //       =@@      
    0x18, 0x34, 0x34, 0x34, 0x34, 0x34, 0xad, 0xff, 0xef, 0x34, 0x34, 0x34, 0x34, 0x34, 0x1d,  //  :::::*@@:::::.
    0x98, 0xff, 0xff, 0xff, 0xff, 0xff, 0xff, 0xff, 0xff, 0xff, 0xff, 0xff, 0xff, 0xff, 0x72,  // +@@@@@@@@@@@@@=
    0xcb, 0xff, 0xff, 0xff, 0xff, 0xff, 0xff, 0xff, 0xff, 0xff, 0xff, 0xff, 0xff, 0xff, 0x3e,  // #@@@@@@@@@@@@@:
    0x00, 0x00, 0x00, 0x00, 0x00, 0x3a, 0xff, 0xff, 0x49, 0x00, 0x00, 0x00, 0x00, 0x00, 0x00,  //      :@@:      
    0x00, 0x00, 0x00, 0x00, 0x00, 0x6d, 0xff, 0xff, 0x16, 0x00, 0x00, 0x00, 0x00, 0x00, 0x00,  //      =@@       
    0x00, 0x00, 0x00, 0x00, 0x00, 0xa1, 0xff, 0xe3, 0x00, 0x00, 0x00, 0x00, 0x00, 0x00, 0x00,  //      *@%       
    0x00, 0x00, 0x00, 0x00, 0x00, 0xd4, 0xff, 0xaf, 0x00, 0x00, 0x00, 0x00, 0x00, 0x00, 0x00,  //      %@*       
    0x00, 0x00, 0x00, 0x00, 0x0a, 0xfc, 0xff, 0x7c, 0x00, 0x00, 0x00, 0x00, 0x00, 0x00, 0x00,  //      @@=       
    0x00, 0x00, 0x00, 0x00, 0x3a, 0xff, 0xff, 0x49, 0x00, 0x00, 0x00, 0x00, 0x00, 0x00, 0x00,  //     :@@:       
    // Character ',' (44)
    0x00, 0x00, 0x00, 0x00, 0x2e, 0xd2, 0xee, 0x7c, 0x00,  //     .%@= 
    0x00, 0x00, 0x00, 0x00, 0xc9, 0xff, 0xff, 0xff, 0x2e,  //     #@@@.
    0x00, 0x00, 0x00, 0x00, 0xf1, 0xff, 0xff, 0xff, 0x5a,  //     @@@@-
    0x00, 0x00, 0x00, 0x00, 0xb6, 0xff, 0xff, 0xff, 0x45,  //     #@@@:
    0x00, 0x00, 0x00, 0x00, 0x52, 0xff, 0xff, 0xfa, 0x14,  //     -@@@ 
    0x00, 0x00, 0x00, 0x00, 0x4f, 0xff, 0xff, 0xac, 0x00,  //     -@@* 
    0x00, 0x00, 0x00, 0x11, 0xca, 0xff, 0xf3, 0x23, 0x00,  //     #@@. 
    0x07, 0x20, 0x6b, 0xdc, 0xff, 0xf8, 0x53, 0x00, 0x00,  //  .=%@@-  
    0xd4, 0xff, 0xff, 0xff, 0xe2, 0x39, 0x00, 0x00, 0x00,  // %@@@%:   
    0xcf, 0xe7, 0xb7, 0x65, 0x08, 0x00, 0x00, 0x00, 0x00,  // #%#-     
    // Character '-' (45)
    0x00, 0xea, 0xff, 0xff, 0xff, 0xff, 0xff, 0xff, 0xff, 0xd8,  //  @@@@@@@@%
    0x29, 0xff, 0xff, 0xff, 0xff, 0xff, 0xff, 0xff, 0xff, 0x9a,  // .@@@@@@@@+
    // Character '.' (46)
    0x00, 0x51, 0xdb, 0xeb, 0x7e, 0x00,  //  -%@= 
    0x1f, 0xf8, 0xff, 0xff, 0xff, 0x41,  // .@@@@:
    0x57, 0xff, 0xff, 0xff, 0xff, 0x6e,  // -@@@@=
    0x2d, 0xfe, 0xff, 0xff, 0xfe, 0x33,  // .@@@@.
    0x00, 0x6a, 0xe8, 0xe4, 0x66, 0x00,  //  =%%- 
    // Character '/' (47)
    0x00, 0x00, 0x00, 0x00, 0x00, 0x00, 0x00, 0x00, 0x00, 0x00, 0x00, 0x00, 0x00, 0x00, 0x17, 0xef, 0xff, 0x94,  //                @@+
    0x00, 0x00, 0x00, 0x00, 0x00, 0x00, 0x00, 0x00, 0x00, 0x00, 0x00, 0x00, 0x00, 0x00, 0xa6, 0xff, 0xe6, 0x0f,  //               *@% 
    0x00, 0x00, 0x00, 0x00, 0x00, 0x00, 0x00, 0x00, 0x00, 0x00, 0x00, 0x00, 0x00, 0x44, 0xff, 0xff, 0x57, 0x00,  //              :@@- 
    0x00, 0x00, 0x00, 0x00, 0x00, 0x00, 0x00, 0x00, 0x00, 0x00, 0x00, 0x00, 0x07, 0xda, 0xff, 0xb8, 0x00, 0x00,  //              %@#  
    0x00, 0x00, 0x00, 0x00, 0x00, 0x00, 0x00, 0x00, 0x00, 0x00, 0x00, 0x00, 0x82, 0xff, 0xf7, 0x23, 0x00, 0x00,  //             +@@.  
    0x00, 0x00, 0x00, 0x00, 0x00, 0x00, 0x00, 0x00, 0x00, 0x00, 0x00, 0x27, 0xf8, 0xff, 0x7b, 0x00, 0x00, 0x00,  //            .@@=   
    0x00, 0x00, 0x00, 0x00, 0x00, 0x00, 0x00, 0x00, 0x00, 0x00, 0x00, 0xbd, 0xff, 0xd7, 0x06, 0x00, 0x00, 0x00,  //            #@%    
    0x00, 0x00, 0x00, 0x00, 0x00, 0x00, 0x00, 0x00, 0x00, 0x00, 0x5d, 0xff, 0xff, 0x40, 0x00, 0x00, 0x00, 0x00,  //           -@@:    
    0x00, 0x00, 0x00, 0x00, 0x00, 0x00, 0x00, 0x00, 0x00, 0x11, 0xe9, 0xff, 0xa0, 0x00, 0x00, 0x00, 0x00, 0x00,  //           %@*     
    0x00, 0x00, 0x00, 0x00, 0x00, 0x00, 0x00, 0x00, 0x00, 0x9a, 0xff, 0xed, 0x14, 0x00, 0x00, 0x00, 0x00, 0x00,  //          +@@      
    0x00, 0x00, 0x00, 0x00, 0x00, 0x00, 0x00, 0x00, 0x39, 0xfe, 0xff, 0x63, 0x00, 0x00, 0x00, 0x00, 0x00, 0x00,  //         :@@-      
    0x00, 0x00, 0x00, 0x00, 0x00, 0x00, 0x00, 0x04, 0xd2, 0xff, 0xc3, 0x01, 0x00, 0x00, 0x00, 0x00, 0x00, 0x00,  //         %@#       
    0x00, 0x00, 0x00, 0x00, 0x00, 0x00, 0x00, 0x76, 0xff, 0xfa, 0x2b, 0x00, 0x00, 0x00, 0x00, 0x00, 0x00, 0x00,  //        =@@.       
    0x00, 0x00, 0x00, 0x00, 0x00, 0x00, 0x1f, 0xf4, 0xff, 0x87, 0x00, 0x00, 0x00, 0x00, 0x00, 0x00, 0x00, 0x00,  //       .@@+        
    0x00, 0x00, 0x00, 0x00, 0x00, 0x00, 0xb2, 0xff, 0xdf, 0x0a, 0x00, 0x00, 0x00, 0x00, 0x00, 0x00, 0x00, 0x00,  //       *@%         
    0x00, 0x00, 0x00, 0x00, 0x00, 0x51, 0xff, 0xff, 0x4b, 0x00, 0x00, 0x00, 0x00, 0x00, 0x00, 0x00, 0x00, 0x00,  //      -@@:         
    0x00, 0x00, 0x00, 0x00, 0x0c, 0xe3, 0xff, 0xac, 0x00, 0x00, 0x00, 0x00, 0x00, 0x00, 0x00, 0x00, 0x00, 0x00,  //      %@*          
    0x00, 0x00, 0x00, 0x00, 0x8e, 0xff, 0xf2, 0x1b, 0x00, 0x00, 0x00, 0x00, 0x00, 0x00, 0x00, 0x00, 0x00, 0x00,  //     +@@.          
    0x00, 0x00, 0x00, 0x30, 0xfc, 0xff, 0x6f, 0x00, 0x00, 0x00, 0x00, 0x00, 0x00, 0x00, 0x00, 0x00, 0x00, 0x00,  //    .@@=           
    0x00, 0x00, 0x02, 0xc8, 0xff, 0xcd, 0x03, 0x00, 0x00, 0x00, 0x00, 0x00, 0x00, 0x00, 0x00, 0x00, 0x00, 0x00,  //    #@#            
    0x00, 0x00, 0x6a, 0xff, 0xfd, 0x34, 0x00, 0x00, 0x00, 0x00, 0x00, 0x00, 0x00, 0x00, 0x00, 0x00, 0x00, 0x00,  //   =@@:            
    0x00, 0x18, 0xef, 0xff, 0x93, 0x00, 0x00, 0x00, 0x00, 0x00, 0x00, 0x00, 0x00, 0x00, 0x00, 0x00, 0x00, 0x00,  //   @@+             
    0x00, 0xa7, 0xff, 0xe6, 0x0e, 0x00, 0x00, 0x00, 0x00, 0x00, 0x00, 0x00, 0x00, 0x00, 0x00, 0x00, 0x00, 0x00,  //  *@%              
    0x45, 0xff, 0xff, 0x57, 0x00, 0x00, 0x00, 0x00, 0x00, 0x00, 0x00, 0x00, 0x00, 0x00, 0x00, 0x00, 0x00, 0x00,  // :@@-              
    // Character '0' (48)
    0x00, 0x00, 0x00, 0x00, 0x00, 0x05, 0x5d, 0xb5, 0xe9, 0xfa, 0xeb, 0xb2, 0x40, 0x00, 0x00,  //       -*%@@*:  
    0x00, 0x00, 0x00, 0x00, 0x24, 0xd3, 0xff, 0xff, 0xff, 0xff, 0xff, 0xff, 0xfe, 0x6c, 0x00,  //     .%@@@@@@@= 
    0x00, 0x00, 0x00, 0x27, 0xe5, 0xff, 0xf2, 0x70, 0x18, 0x0f, 0x4a, 0xde, 0xff, 0xfb, 0x2c,  //    .%@@=  :%@@.
    0x00, 0x00, 0x09, 0xdc, 0xff, 0xf0, 0x2e, 0x00, 0x00, 0x00, 0x00, 0x2d, 0xfc, 0xff, 0x97,  //    %@@.    .@@+
    0x00, 0x00, 0x88, 0xff, 0xff, 0x63, 0x00, 0x00, 0x00, 0x00, 0x00, 0x00, 0xc9, 0xff, 0xd7,  //   +@@-      #@%
    0x00, 0x14, 0xf8, 0xff, 0xc6, 0x00, 0x00, 0x00, 0x00, 0x00, 0x00, 0x5d, 0xf4, 0xff, 0xf3,  //   @@#      -@@@
    0x00, 0x77, 0xff, 0xff, 0x5a, 0x00, 0x00, 0x00, 0x00, 0x09, 0x9d, 0xff, 0xff, 0xff, 0xfa,  //  =@@-     *@@@@
    0x00, 0xd0, 0xff, 0xf0, 0x07, 0x00, 0x00, 0x00, 0x29, 0xd3, 0xff, 0x9d, 0xcb, 0xff, 0xec,  //  %@@    .%@*#@@
    0x15, 0xfe, 0xff, 0xb0, 0x00, 0x00, 0x00, 0x5d, 0xf4, 0xf4, 0x5c, 0x00, 0xe6, 0xff, 0xcd,  //  @@*   -@@- %@#
    0x4f, 0xff, 0xff, 0x6e, 0x00, 0x09, 0x9d, 0xff, 0xd2, 0x28, 0x00, 0x13, 0xff, 0xff, 0xa4,  // -@@=  *@%.  @@*
    0x77, 0xff, 0xff, 0x3e, 0x28, 0xd3, 0xff, 0x9d, 0x09, 0x00, 0x00, 0x55, 0xff, 0xff, 0x69,  // =@@:.%@*   -@@=
    0x95, 0xff, 0xff, 0x74, 0xf4, 0xf4, 0x5c, 0x00, 0x00, 0x00, 0x00, 0x9d, 0xff, 0xff, 0x25,  // +@@=@@-    *@@.
    0xa3, 0xff, 0xff, 0xff, 0xd3, 0x28, 0x00, 0x00, 0x00, 0x00, 0x0d, 0xf3, 0xff, 0xcb, 0x00,  // *@@@%.     @@# 
    0x9c, 0xff, 0xff, 0x9d, 0x09, 0x00, 0x00, 0x00, 0x00, 0x00, 0x6d, 0xff, 0xff, 0x60, 0x00,  // *@@*      =@@- 
    0x80, 0xff, 0xff, 0x18, 0x00, 0x00, 0x00, 0x00, 0x00, 0x1c, 0xf0, 0xff, 0xd5, 0x06, 0x00,  // =@@      .@@%  
    0x41, 0xff, 0xff, 0x6f, 0x00, 0x00, 0x00, 0x00, 0x0a, 0xc1, 0xff, 0xfe, 0x3b, 0x00, 0x00,  // :@@=     #@@:  
    0x01, 0xd1, 0xff, 0xf4, 0x67, 0x18, 0x0b, 0x49, 0xd2, 0xff, 0xfe, 0x64, 0x00, 0x00, 0x00,  //  %@@-  :%@@-   
    0x00, 0x2e, 0xeb, 0xff, 0xff, 0xff, 0xff, 0xff, 0xff, 0xf3, 0x5c, 0x00, 0x00, 0x00, 0x00,  //  .@@@@@@@@-    
    0x00, 0x00, 0x1c, 0x93, 0xdd, 0xf9, 0xf2, 0xcd, 0x83, 0x19, 0x00, 0x00, 0x00, 0x00, 0x00,  //   .+%@@#+      
    // Character '1' (49)
    0x00, 0x00, 0x00, 0x00, 0x00, 0x00, 0x0b, 0x59, 0xb2, 0xfa, 0xff, 0x8e, 0x00,  //        -*@@+ 
    0x00, 0x00, 0x00, 0x06, 0x4d, 0xa6, 0xf4, 0xff, 0xff, 0xff, 0xff, 0x5b, 0x00,  //     :*@@@@@- 
    0x00, 0x00, 0x2d, 0xee, 0xff, 0xfd, 0xb4, 0x4d, 0xdb, 0xff, 0xff, 0x29, 0x00,  //   .@@@*:%@@. 
    0x00, 0x00, 0x04, 0xcc, 0x81, 0x1d, 0x00, 0x0a, 0xfd, 0xff, 0xf4, 0x02, 0x00,  //    #=.  @@@  
    0x00, 0x00, 0x00, 0x00, 0x00, 0x00, 0x00, 0x37, 0xff, 0xff, 0xc4, 0x00, 0x00,  //        :@@#  
    0x00, 0x00, 0x00, 0x00, 0x00, 0x00, 0x00, 0x66, 0xff, 0xff, 0x91, 0x00, 0x00,  //        -@@+  
    0x00, 0x00, 0x00, 0x00, 0x00, 0x00, 0x00, 0x96, 0xff, 0xff, 0x5e, 0x00, 0x00,  //        +@@-  
    0x00, 0x00, 0x00, 0x00, 0x00, 0x00, 0x00, 0xc5, 0xff, 0xff, 0x2c, 0x00, 0x00,  //        #@@.  
    0x00, 0x00, 0x00, 0x00, 0x00, 0x00, 0x01, 0xf3, 0xff, 0xf6, 0x03, 0x00, 0x00,  //        @@@   
    0x00, 0x00, 0x00, 0x00, 0x00, 0x00, 0x24, 0xff, 0xff, 0xc7, 0x00, 0x00, 0x00,  //       .@@#   
    0x00, 0x00, 0x00, 0x00, 0x00, 0x00, 0x54, 0xff, 0xff, 0x94, 0x00, 0x00, 0x00,  //       -@@+   
    0x00, 0x00, 0x00, 0x00, 0x00, 0x00, 0x83, 0xff, 0xff, 0x61, 0x00, 0x00, 0x00,  //       +@@-   
    0x00, 0x00, 0x00, 0x00, 0x00, 0x00, 0xb3, 0xff, 0xff, 0x2f, 0x00, 0x00, 0x00,  //       *@@.   
    0x00, 0x00, 0x00, 0x00, 0x00, 0x00, 0xe2, 0xff, 0xf7, 0x04, 0x00, 0x00, 0x00,  //       %@@    
    0x00, 0x00, 0x00, 0x00, 0x00, 0x12, 0xff, 0xff, 0xca, 0x00, 0x00, 0x00, 0x00,  //       @@#    
    0x00, 0x00, 0x00, 0x00, 0x00, 0x41, 0xff, 0xff, 0x97, 0x00, 0x00, 0x00, 0x00,  //      :@@+    
    0x00, 0x00, 0x00, 0x00, 0x00, 0x70, 0xff, 0xff, 0x65, 0x00, 0x00, 0x00, 0x00,  //      =@@-    
    0x93, 0xff, 0xff, 0xff, 0xff, 0xff, 0xff, 0xff, 0xff, 0xff, 0xff, 0xff, 0x78,  // +@@@@@@@@@@@=
    0xce, 0xff, 0xff, 0xff, 0xff, 0xff, 0xff, 0xff, 0xff, 0xff, 0xff, 0xff, 0x3a,  // #@@@@@@@@@@@:
    // Character '2' (50)
    0x00, 0x00, 0x00, 0x00, 0x00, 0x00, 0x38, 0x94, 0xd5, 0xf1, 0xf7, 0xd3, 0x81, 0x0c, 0x00, 0x00,  //       :+%@@%=   
    0x00, 0x00, 0x00, 0x00, 0x1a, 0xb1, 0xff, 0xff, 0xff, 0xff, 0xff, 0xff, 0xff, 0xd5, 0x13, 0x00,  //     .*@@@@@@@%  
    0x00, 0x00, 0x00, 0x01, 0xd2, 0xff, 0xf0, 0x7f, 0x28, 0x08, 0x25, 0xac, 0xff, 0xff, 0x99, 0x00,  //     %@@=. .*@@+ 
    0x00, 0x00, 0x00, 0x00, 0x3a, 0xb8, 0x17, 0x00, 0x00, 0x00, 0x00, 0x08, 0xe8, 0xff, 0xef, 0x00,  //     :#      %@@ 
    0x00, 0x00, 0x00, 0x00, 0x00, 0x00, 0x00, 0x00, 0x00, 0x00, 0x00, 0x00, 0xb8, 0xff, 0xff, 0x0a,  //             #@@ 
    0x00, 0x00, 0x00, 0x00, 0x00, 0x00, 0x00, 0x00, 0x00, 0x00, 0x00, 0x00, 0xc7, 0xff, 0xf8, 0x00,  //             #@@ 
    0x00, 0x00, 0x00, 0x00, 0x00, 0x00, 0x00, 0x00, 0x00, 0x00, 0x00, 0x0d, 0xf4, 0xff, 0xbe, 0x00,  //             @@# 
    0x00, 0x00, 0x00, 0x00, 0x00, 0x00, 0x00, 0x00, 0x00, 0x00, 0x00, 0x88, 0xff, 0xff, 0x56, 0x00,  //            +@@- 
    0x00, 0x00, 0x00, 0x00, 0x00, 0x00, 0x00, 0x00, 0x00, 0x00, 0x45, 0xfd, 0xff, 0xbc, 0x00, 0x00,  //           :@@#  
    0x00, 0x00, 0x00, 0x00, 0x00, 0x00, 0x00, 0x00, 0x00, 0x33, 0xf1, 0xff, 0xdf, 0x15, 0x00, 0x00,  //          .@@%   
    0x00, 0x00, 0x00, 0x00, 0x00, 0x00, 0x00, 0x00, 0x37, 0xef, 0xff, 0xe1, 0x21, 0x00, 0x00, 0x00,  //         :@@%.   
    0x00, 0x00, 0x00, 0x00, 0x00, 0x00, 0x00, 0x4a, 0xf4, 0xff, 0xd1, 0x1b, 0x00, 0x00, 0x00, 0x00,  //        :@@%.    
    0x00, 0x00, 0x00, 0x00, 0x00, 0x00, 0x69, 0xfb, 0xff, 0xb3, 0x0d, 0x00, 0x00, 0x00, 0x00, 0x00,  //       =@@*      
    0x00, 0x00, 0x00, 0x00, 0x02, 0x8f, 0xff, 0xff, 0x8c, 0x02, 0x00, 0x00, 0x00, 0x00, 0x00, 0x00,  //      +@@+       
    0x00, 0x00, 0x00, 0x0d, 0xb4, 0xff, 0xfd, 0x6d, 0x00, 0x00, 0x00, 0x00, 0x00, 0x00, 0x00, 0x00,  //     *@@=        
    0x00, 0x00, 0x1e, 0xd1, 0xff, 0xf6, 0x51, 0x00, 0x00, 0x00, 0x00, 0x00, 0x00, 0x00, 0x00, 0x00,  //   .%@@-         
    0x00, 0x36, 0xe7, 0xff, 0xeb, 0x39, 0x00, 0x00, 0x00, 0x00, 0x00, 0x00, 0x00, 0x00, 0x00, 0x00,  //  :%@@:          
    0x05, 0xf1, 0xff, 0xff, 0xff, 0xff, 0xff, 0xff, 0xff, 0xff, 0xff, 0xff, 0xff, 0x9c, 0x00, 0x00,  //  @@@@@@@@@@@@*  
    0x39, 0xff, 0xff, 0xff, 0xff, 0xff, 0xff, 0xff, 0xff, 0xff, 0xff, 0xff, 0xff, 0x5e, 0x00, 0x00,  // :@@@@@@@@@@@@-  
    // Character '3' (51)
    0x00, 0x00, 0x00, 0x00, 0x00, 0x33, 0x87, 0xc3, 0xe9, 0xfb, 0xf2, 0xcf, 0x89, 0x19, 0x00,  //      .+#%@@#+  
    0x00, 0x00, 0x00, 0x00, 0x0c, 0xff, 0xff, 0xff, 0xff, 0xff, 0xff, 0xff, 0xff, 0xee, 0x30,  //      @@@@@@@@@.
    0x00, 0x00, 0x00, 0x00, 0x0b, 0xd1, 0x7c, 0x37, 0x16, 0x08, 0x29, 0x9b, 0xff, 0xff, 0xbe,  //      %=:  .+@@#
    0x00, 0x00, 0x00, 0x00, 0x00, 0x00, 0x00, 0x00, 0x00, 0x00, 0x00, 0x00, 0xdf, 0xff, 0xef,  //             %@@
    0x00, 0x00, 0x00, 0x00, 0x00, 0x00, 0x00, 0x00, 0x00, 0x00, 0x00, 0x00, 0xcd, 0xff, 0xda,  //             #@%
    0x00, 0x00, 0x00, 0x00, 0x00, 0x00, 0x00, 0x00, 0x00, 0x00, 0x00, 0x1a, 0xfb, 0xff, 0x97,  //            .@@+
    0x00, 0x00, 0x00, 0x00, 0x00, 0x00, 0x00, 0x00, 0x00, 0x00, 0x07, 0xb9, 0xff, 0xec, 0x1b,  //            #@@.
    0x00, 0x00, 0x00, 0x00, 0x00, 0x00, 0x00, 0x02, 0x1b, 0x65, 0xde, 0xff, 0xe7, 0x34, 0x00,  //         .-%@%: 
    0x00, 0x00, 0x00, 0x00, 0x00, 0xac, 0xff, 0xff, 0xff, 0xff, 0xfc, 0x91, 0x13, 0x00, 0x00,  //      *@@@@@+   
    0x00, 0x00, 0x00, 0x00, 0x00, 0xe1, 0xff, 0xff, 0xff, 0xff, 0xff, 0xe5, 0x6e, 0x01, 0x00,  //      %@@@@@%=  
    0x00, 0x00, 0x00, 0x00, 0x00, 0x00, 0x00, 0x07, 0x1e, 0x5d, 0xce, 0xff, 0xff, 0x7c, 0x00,  //         .-#@@= 
    0x00, 0x00, 0x00, 0x00, 0x00, 0x00, 0x00, 0x00, 0x00, 0x00, 0x09, 0xdb, 0xff, 0xf6, 0x08,  //            %@@ 
    0x00, 0x00, 0x00, 0x00, 0x00, 0x00, 0x00, 0x00, 0x00, 0x00, 0x00, 0x9c, 0xff, 0xff, 0x1b,  //            *@@.
    0x00, 0x00, 0x00, 0x00, 0x00, 0x00, 0x00, 0x00, 0x00, 0x00, 0x00, 0xb7, 0xff, 0xf6, 0x02,  //            #@@ 
    0x00, 0x00, 0x00, 0x00, 0x00, 0x00, 0x00, 0x00, 0x00, 0x00, 0x25, 0xfb, 0xff, 0xa0, 0x00,  //           .@@* 
    0x00, 0x00, 0x00, 0x00, 0x00, 0x00, 0x00, 0x00, 0x00, 0x22, 0xd4, 0xff, 0xf5, 0x26, 0x00,  //          .%@@. 
    0x00, 0x00, 0x00, 0x00, 0x00, 0x03, 0x14, 0x3f, 0x8d, 0xf3, 0xff, 0xf7, 0x4d, 0x00, 0x00,  //        :+@@@:  
    0x00, 0xc6, 0xff, 0xff, 0xff, 0xff, 0xff, 0xff, 0xff, 0xff, 0xc5, 0x2f, 0x00, 0x00, 0x00,  //  #@@@@@@@@#.   
    0x06, 0xf8, 0xff, 0xff, 0xff, 0xf8, 0xe7, 0xc2, 0x89, 0x36, 0x00, 0x00, 0x00, 0x00, 0x00,  //  @@@@@%#+:     
    // Character '4' (52)
    0x00, 0x00, 0x00, 0x00, 0x00, 0x00, 0x00, 0x00, 0x00, 0x00, 0x00, 0x84, 0xff, 0xff, 0xff, 0xb2, 0x00,  //            +@@@* 
    0x00, 0x00, 0x00, 0x00, 0x00, 0x00, 0x00, 0x00, 0x00, 0x00, 0x52, 0xfe, 0xff, 0xff, 0xff, 0x80, 0x00,  //           -@@@@= 
    0x00, 0x00, 0x00, 0x00, 0x00, 0x00, 0x00, 0x00, 0x00, 0x2b, 0xf3, 0xff, 0xe9, 0xff, 0xff, 0x4e, 0x00,  //          .@@%@@- 
    0x00, 0x00, 0x00, 0x00, 0x00, 0x00, 0x00, 0x00, 0x11, 0xdc, 0xff, 0xcd, 0x91, 0xff, 0xff, 0x1c, 0x00,  //          %@#+@@. 
    0x00, 0x00, 0x00, 0x00, 0x00, 0x00, 0x00, 0x02, 0xb8, 0xff, 0xea, 0x1e, 0xb9, 0xff, 0xea, 0x00, 0x00,  //         #@@.#@@  
    0x00, 0x00, 0x00, 0x00, 0x00, 0x00, 0x00, 0x8a, 0xff, 0xfa, 0x3e, 0x00, 0xea, 0xff, 0xb8, 0x00, 0x00,  //        +@@: @@#  
    0x00, 0x00, 0x00, 0x00, 0x00, 0x00, 0x58, 0xff, 0xff, 0x6a, 0x00, 0x1d, 0xff, 0xff, 0x85, 0x00, 0x00,  //       -@@= .@@+  
    0x00, 0x00, 0x00, 0x00, 0x00, 0x30, 0xf5, 0xff, 0x9c, 0x00, 0x00, 0x4f, 0xff, 0xff, 0x53, 0x00, 0x00,  //      .@@*  -@@-  
    0x00, 0x00, 0x00, 0x00, 0x14, 0xe0, 0xff, 0xc6, 0x06, 0x00, 0x00, 0x80, 0xff, 0xff, 0x21, 0x00, 0x00,  //      %@#   =@@.  
    0x00, 0x00, 0x00, 0x04, 0xbe, 0xff, 0xe5, 0x19, 0x00, 0x00, 0x00, 0xb2, 0xff, 0xee, 0x00, 0x00, 0x00,  //     #@%    *@@   
    0x00, 0x00, 0x00, 0x91, 0xff, 0xf8, 0x37, 0x00, 0x00, 0x00, 0x00, 0xe4, 0xff, 0xbd, 0x00, 0x00, 0x00,  //    +@@:    %@#   
    0x00, 0x00, 0x5e, 0xff, 0xff, 0x62, 0x00, 0x00, 0x00, 0x00, 0x15, 0xff, 0xff, 0x8b, 0x00, 0x00, 0x00,  //   -@@-     @@+   
    0x00, 0x34, 0xf7, 0xff, 0x93, 0x00, 0x00, 0x00, 0x00, 0x00, 0x47, 0xff, 0xff, 0x59, 0x00, 0x00, 0x00,  //  :@@+     :@@-   
    0x00, 0xb2, 0xff, 0xff, 0xff, 0xff, 0xff, 0xff, 0xff, 0xff, 0xff, 0xff, 0xff, 0xff, 0xff, 0xff, 0x66,  //  *@@@@@@@@@@@@@@-
    0x00, 0xea, 0xff, 0xff, 0xff, 0xff, 0xff, 0xff, 0xff, 0xff, 0xff, 0xff, 0xff, 0xff, 0xff, 0xff, 0x2c,  //  @@@@@@@@@@@@@@@.
    0x00, 0x00, 0x00, 0x00, 0x00, 0x00, 0x00, 0x00, 0x00, 0x00, 0xeb, 0xff, 0xb0, 0x00, 0x00, 0x00, 0x00,  //           @@*    
    0x00, 0x00, 0x00, 0x00, 0x00, 0x00, 0x00, 0x00, 0x00, 0x23, 0xff, 0xff, 0x7a, 0x00, 0x00, 0x00, 0x00,  //          .@@=    
    0x00, 0x00, 0x00, 0x00, 0x00, 0x00, 0x00, 0x00, 0x00, 0x5a, 0xff, 0xff, 0x44, 0x00, 0x00, 0x00, 0x00,  //          -@@:    
    0x00, 0x00, 0x00, 0x00, 0x00, 0x00, 0x00, 0x00, 0x00, 0x91, 0xff, 0xfe, 0x10, 0x00, 0x00, 0x00, 0x00,  //          +@@     
    // Character '5' (53)
    0x00, 0x00, 0x00, 0x00, 0xd5, 0xff, 0xff, 0xff, 0xff, 0xff, 0xff, 0xff, 0xff, 0xff, 0x7a,  //     %@@@@@@@@@=
    0x00, 0x00, 0x00, 0x0e, 0xfd, 0xff, 0xff, 0xff, 0xff, 0xff, 0xff, 0xff, 0xff, 0xff, 0x40,  //     @@@@@@@@@@:
    0x00, 0x00, 0x00, 0x45, 0xff, 0xff, 0x1f, 0x00, 0x00, 0x00, 0x00, 0x00, 0x00, 0x00, 0x00,  //    :@@.        
    0x00, 0x00, 0x00, 0x7e, 0xff, 0xe8, 0x00, 0x00, 0x00, 0x00, 0x00, 0x00, 0x00, 0x00, 0x00,  //    =@%         
    0x00, 0x00, 0x00, 0xb6, 0xff, 0xb1, 0x00, 0x00, 0x00, 0x00, 0x00, 0x00, 0x00, 0x00, 0x00,  //    #@*         
    0x00, 0x00, 0x01, 0xed, 0xff, 0x7a, 0x00, 0x00, 0x00, 0x00, 0x00, 0x00, 0x00, 0x00, 0x00,  //    @@=         
    0x00, 0x00, 0x27, 0xff, 0xff, 0x43, 0x00, 0x00, 0x00, 0x00, 0x00, 0x00, 0x00, 0x00, 0x00,  //   .@@:         
    0x00, 0x00, 0x60, 0xff, 0xff, 0xff, 0xfe, 0xea, 0xd0, 0xa3, 0x49, 0x00, 0x00, 0x00, 0x00,  //   -@@@@@%*:    
    0x00, 0x00, 0x98, 0xff, 0xff, 0xff, 0xff, 0xff, 0xff, 0xff, 0xff, 0xaf, 0x06, 0x00, 0x00,  //   +@@@@@@@@*   
    0x00, 0x00, 0x00, 0x00, 0x00, 0x00, 0x06, 0x1e, 0x5e, 0xdc, 0xff, 0xff, 0x88, 0x00, 0x00,  //        .-%@@+  
    0x00, 0x00, 0x00, 0x00, 0x00, 0x00, 0x00, 0x00, 0x00, 0x16, 0xf0, 0xff, 0xed, 0x00, 0x00,  //           @@@  
    0x00, 0x00, 0x00, 0x00, 0x00, 0x00, 0x00, 0x00, 0x00, 0x00, 0xb2, 0xff, 0xff, 0x0c, 0x00,  //           *@@  
    0x00, 0x00, 0x00, 0x00, 0x00, 0x00, 0x00, 0x00, 0x00, 0x00, 0xbc, 0xff, 0xf7, 0x00, 0x00,  //           #@@  
    0x00, 0x00, 0x00, 0x00, 0x00, 0x00, 0x00, 0x00, 0x00, 0x0b, 0xf4, 0xff, 0xbe, 0x00, 0x00,  //           @@#  
    0x00, 0x00, 0x00, 0x00, 0x00, 0x00, 0x00, 0x00, 0x00, 0x89, 0xff, 0xff, 0x54, 0x00, 0x00,  //          +@@-  
    0x00, 0x00, 0x00, 0x00, 0x00, 0x00, 0x00, 0x01, 0x76, 0xff, 0xff, 0xb2, 0x00, 0x00, 0x00,  //         =@@*   
    0x00, 0x00, 0x00, 0x00, 0x07, 0x21, 0x60, 0xcb, 0xff, 0xff, 0xbf, 0x0b, 0x00, 0x00, 0x00,  //      .-#@@#    
    0x94, 0xff, 0xff, 0xff, 0xff, 0xff, 0xff, 0xff, 0xf2, 0x79, 0x03, 0x00, 0x00, 0x00, 0x00,  // +@@@@@@@@=     
    0xa9, 0xea, 0xf7, 0xfe, 0xf4, 0xdf, 0xad, 0x68, 0x0e, 0x00, 0x00, 0x00, 0x00, 0x00, 0x00,  // *@@@@%*=       
    // Character '6' (54)
    0x00, 0x00, 0x00, 0x00, 0x00, 0x00, 0x00, 0x09, 0x55, 0x9f, 0xcf, 0xed, 0xfa, 0xff, 0xb7,  //         -*#@@@#
    0x00, 0x00, 0x00, 0x00, 0x00, 0x03, 0x72, 0xea, 0xff, 0xff, 0xff, 0xff, 0xff, 0xff, 0x7f,  //       =@@@@@@@=
    0x00, 0x00, 0x00, 0x00, 0x15, 0xc5, 0xff, 0xff, 0xc1, 0x65, 0x2a, 0x10, 0x01, 0x00, 0x00,  //      #@@#-.    
    0x00, 0x00, 0x00, 0x0c, 0xd4, 0xff, 0xe6, 0x46, 0x00, 0x00, 0x00, 0x00, 0x00, 0x00, 0x00,  //     %@%:       
    0x00, 0x00, 0x00, 0xa8, 0xff, 0xe9, 0x24, 0x00, 0x00, 0x00, 0x00, 0x00, 0x00, 0x00, 0x00,  //    *@%.        
    0x00, 0x00, 0x57, 0xff, 0xff, 0x51, 0x00, 0x00, 0x00, 0x00, 0x00, 0x00, 0x00, 0x00, 0x00,  //   -@@-         
    0x00, 0x01, 0xd2, 0xff, 0xd5, 0x00, 0x00, 0x00, 0x00, 0x00, 0x00, 0x00, 0x00, 0x00, 0x00,  //   %@%          
    0x00, 0x47, 0xff, 0xff, 0x71, 0x5a, 0xb2, 0xe6, 0xfb, 0xf1, 0xc6, 0x6e, 0x05, 0x00, 0x00,  //  :@@=-*%@@#=   
    0x00, 0x96, 0xff, 0xff, 0xf7, 0xff, 0xff, 0xff, 0xff, 0xff, 0xff, 0xff, 0xc0, 0x07, 0x00,  //  +@@@@@@@@@@#  
    0x00, 0xdf, 0xff, 0xff, 0xe2, 0x83, 0x3a, 0x10, 0x0b, 0x3b, 0xcd, 0xff, 0xff, 0x6c, 0x00,  //  %@@%+:  :#@@= 
    0x0f, 0xff, 0xff, 0xab, 0x05, 0x00, 0x00, 0x00, 0x00, 0x00, 0x22, 0xff, 0xff, 0xb4, 0x00,  //  @@*      .@@* 
    0x36, 0xff, 0xff, 0x6b, 0x00, 0x00, 0x00, 0x00, 0x00, 0x00, 0x00, 0xed, 0xff, 0xc5, 0x00,  // :@@=       @@# 
    0x4b, 0xff, 0xff, 0x55, 0x00, 0x00, 0x00, 0x00, 0x00, 0x00, 0x02, 0xf7, 0xff, 0xaf, 0x00,  // :@@-       @@* 
    0x54, 0xff, 0xff, 0x4e, 0x00, 0x00, 0x00, 0x00, 0x00, 0x00, 0x38, 0xff, 0xff, 0x75, 0x00,  // -@@-      :@@= 
    0x46, 0xff, 0xff, 0x5f, 0x00, 0x00, 0x00, 0x00, 0x00, 0x00, 0xa9, 0xff, 0xf9, 0x1f, 0x00,  // :@@-      *@@. 
    0x1a, 0xff, 0xff, 0xa2, 0x00, 0x00, 0x00, 0x00, 0x00, 0x65, 0xff, 0xff, 0x8d, 0x00, 0x00,  // .@@*     -@@+  
    0x00, 0xc0, 0xff, 0xfd, 0x7c, 0x19, 0x08, 0x31, 0x9d, 0xfe, 0xff, 0xbf, 0x05, 0x00, 0x00,  //  #@@=  .*@@#   
    0x00, 0x28, 0xeb, 0xff, 0xff, 0xff, 0xff, 0xff, 0xff, 0xfd, 0x97, 0x07, 0x00, 0x00, 0x00,  //  .@@@@@@@@+    
    0x00, 0x00, 0x1c, 0x94, 0xdd, 0xf9, 0xf2, 0xd4, 0x8f, 0x2b, 0x00, 0x00, 0x00, 0x00, 0x00,  //   .+%@@%+.     
    // Character '7' (55)
    0x00, 0x13, 0xfe, 0xff, 0xff, 0xff, 0xff, 0xff, 0xff, 0xff, 0xff, 0xff, 0xff, 0xff, 0xe1,  //   @@@@@@@@@@@@%
    0x00, 0x4e, 0xff, 0xff, 0xff, 0xff, 0xff, 0xff, 0xff, 0xff, 0xff, 0xff, 0xff, 0xff, 0xa5,  //  -@@@@@@@@@@@@*
    0x00, 0x00, 0x00, 0x00, 0x00, 0x00, 0x00, 0x00, 0x00, 0x00, 0x00, 0x9b, 0xff, 0xfc, 0x36,  //            +@@:
    0x00, 0x00, 0x00, 0x00, 0x00, 0x00, 0x00, 0x00, 0x00, 0x00, 0x48, 0xff, 0xff, 0x89, 0x00,  //           :@@+ 
    0x00, 0x00, 0x00, 0x00, 0x00, 0x00, 0x00, 0x00, 0x00, 0x10, 0xe4, 0xff, 0xd8, 0x08, 0x00,  //           %@%  
    0x00, 0x00, 0x00, 0x00, 0x00, 0x00, 0x00, 0x00, 0x00, 0xa2, 0xff, 0xfd, 0x39, 0x00, 0x00,  //          *@@:  
    0x00, 0x00, 0x00, 0x00, 0x00, 0x00, 0x00, 0x00, 0x4f, 0xff, 0xff, 0x8d, 0x00, 0x00, 0x00,  //         -@@+   
    0x00, 0x00, 0x00, 0x00, 0x00, 0x00, 0x00, 0x14, 0xe8, 0xff, 0xda, 0x09, 0x00, 0x00, 0x00,  //         %@%    
    0x00, 0x00, 0x00, 0x00, 0x00, 0x00, 0x00, 0xaa, 0xff, 0xfe, 0x3c, 0x00, 0x00, 0x00, 0x00,  //        *@@:    
    0x00, 0x00, 0x00, 0x00, 0x00, 0x00, 0x57, 0xff, 0xff, 0x91, 0x00, 0x00, 0x00, 0x00, 0x00,  //       -@@+     
    0x00, 0x00, 0x00, 0x00, 0x00, 0x17, 0xec, 0xff, 0xdd, 0x0a, 0x00, 0x00, 0x00, 0x00, 0x00,  //       @@%      
    0x00, 0x00, 0x00, 0x00, 0x00, 0xb1, 0xff, 0xfe, 0x40, 0x00, 0x00, 0x00, 0x00, 0x00, 0x00,  //      *@@:      
    0x00, 0x00, 0x00, 0x00, 0x5e, 0xff, 0xff, 0x94, 0x00, 0x00, 0x00, 0x00, 0x00, 0x00, 0x00,  //     -@@+       
    0x00, 0x00, 0x00, 0x1c, 0xef, 0xff, 0xdf, 0x0c, 0x00, 0x00, 0x00, 0x00, 0x00, 0x00, 0x00,  //    .@@%        
    0x00, 0x00, 0x00, 0xb8, 0xff, 0xfe, 0x43, 0x00, 0x00, 0x00, 0x00, 0x00, 0x00, 0x00, 0x00,  //    #@@:        
    0x00, 0x00, 0x66, 0xff, 0xff, 0x98, 0x00, 0x00, 0x00, 0x00, 0x00, 0x00, 0x00, 0x00, 0x00,  //   -@@+         
    0x00, 0x20, 0xf2, 0xff, 0xe1, 0x0d, 0x00, 0x00, 0x00, 0x00, 0x00, 0x00, 0x00, 0x00, 0x00,  //  .@@%          
    0x01, 0xbe, 0xff, 0xff, 0x46, 0x00, 0x00, 0x00, 0x00, 0x00, 0x00, 0x00, 0x00, 0x00, 0x00,  //  #@@:          
    0x6d, 0xff, 0xff, 0x9c, 0x00, 0x00, 0x00, 0x00, 0x00, 0x00, 0x00, 0x00, 0x00, 0x00, 0x00,  // =@@*           
    // Character '8' (56)
    0x00, 0x00, 0x00, 0x00, 0x00, 0x1f, 0x84, 0xc7, 0xec, 0xfb, 0xf2, 0xcf, 0x84, 0x13, 0x00,  //      .+#@@@#+  
    0x00, 0x00, 0x00, 0x00, 0x7c, 0xfa, 0xff, 0xff, 0xff, 0xff, 0xff, 0xff, 0xff, 0xe5, 0x22,  //     =@@@@@@@@%.
    0x00, 0x00, 0x00, 0x7f, 0xff, 0xff, 0xbb, 0x46, 0x18, 0x08, 0x2a, 0xa5, 0xff, 0xff, 0xa8,  //    =@@#:  .*@@*
    0x00, 0x00, 0x1c, 0xfa, 0xff, 0xb4, 0x02, 0x00, 0x00, 0x00, 0x00, 0x02, 0xe8, 0xff, 0xdb,  //   .@@*      %@%
    0x00, 0x00, 0x67, 0xff, 0xff, 0x43, 0x00, 0x00, 0x00, 0x00, 0x00, 0x00, 0xe4, 0xff, 0xc5,  //   -@@:      %@#
    0x00, 0x00, 0x7b, 0xff, 0xff, 0x43, 0x00, 0x00, 0x00, 0x00, 0x00, 0x50, 0xff, 0xff, 0x82,  //   =@@:     -@@+
    0x00, 0x00, 0x51, 0xff, 0xff, 0xbe, 0x08, 0x00, 0x00, 0x03, 0x72, 0xf9, 0xff, 0xd1, 0x0b,  //   -@@#    =@@% 
    0x00, 0x00, 0x04, 0xd0, 0xff, 0xff, 0xcc, 0x34, 0x56, 0xd7, 0xff, 0xff, 0xb9, 0x13, 0x00,  //    %@@#:-%@@#  
    0x00, 0x00, 0x00, 0x17, 0xc2, 0xff, 0xff, 0xff, 0xff, 0xff, 0xe2, 0x5f, 0x00, 0x00, 0x00,  //     #@@@@@%-   
    0x00, 0x00, 0x00, 0x03, 0x63, 0xf8, 0xff, 0xff, 0xff, 0xff, 0xb2, 0x19, 0x00, 0x00, 0x00,  //     -@@@@@*    
    0x00, 0x00, 0x2f, 0xce, 0xff, 0xff, 0xd4, 0x78, 0xd9, 0xff, 0xff, 0xe3, 0x23, 0x00, 0x00,  //   .#@@%=%@@%.  
    0x00, 0x4f, 0xf6, 0xff, 0xe4, 0x59, 0x01, 0x00, 0x08, 0xa9, 0xff, 0xff, 0xc5, 0x00, 0x00,  //  -@@%-   *@@#  
    0x2c, 0xf8, 0xff, 0xc5, 0x12, 0x00, 0x00, 0x00, 0x00, 0x04, 0xd6, 0xff, 0xff, 0x25, 0x00,  // .@@#      %@@. 
    0xa1, 0xff, 0xff, 0x1f, 0x00, 0x00, 0x00, 0x00, 0x00, 0x00, 0x89, 0xff, 0xff, 0x3f, 0x00,  // *@@.      +@@: 
    0xd1, 0xff, 0xec, 0x00, 0x00, 0x00, 0x00, 0x00, 0x00, 0x00, 0xa0, 0xff, 0xff, 0x1d, 0x00,  // %@@       *@@. 
    0xd6, 0xff, 0xfd, 0x12, 0x00, 0x00, 0x00, 0x00, 0x00, 0x42, 0xf8, 0xff, 0xbe, 0x00, 0x00,  // %@@      :@@#  
    0x91, 0xff, 0xff, 0xc4, 0x3e, 0x0f, 0x0e, 0x33, 0x8f, 0xf6, 0xff, 0xec, 0x28, 0x00, 0x00,  // +@@#:  .+@@@.  
    0x12, 0xd1, 0xff, 0xff, 0xff, 0xff, 0xff, 0xff, 0xff, 0xff, 0xcd, 0x2a, 0x00, 0x00, 0x00,  //  %@@@@@@@@#.   
    0x00, 0x08, 0x6f, 0xc3, 0xee, 0xfc, 0xf2, 0xd9, 0xa2, 0x4d, 0x02, 0x00, 0x00, 0x00, 0x00,  //   =#@@@%*:     
    // Character '9' (57)
    0x00, 0x00, 0x00, 0x00, 0x00, 0x16, 0x7b, 0xc7, 0xeb, 0xfa, 0xe5, 0xa7, 0x30, 0x00, 0x00,  //       =#@@%*.  
    0x00, 0x00, 0x00, 0x00, 0x68, 0xf2, 0xff, 0xff, 0xff, 0xff, 0xff, 0xff, 0xf9, 0x4e, 0x00,  //     =@@@@@@@@- 
    0x00, 0x00, 0x00, 0x81, 0xff, 0xff, 0xc5, 0x47, 0x0f, 0x12, 0x59, 0xeb, 0xff, 0xed, 0x0b,  //    =@@#:  -@@@ 
    0x00, 0x00, 0x4a, 0xff, 0xff, 0xa4, 0x02, 0x00, 0x00, 0x00, 0x00, 0x5f, 0xff, 0xff, 0x54,  //   :@@*     -@@-
    0x00, 0x00, 0xd4, 0xff, 0xe1, 0x09, 0x00, 0x00, 0x00, 0x00, 0x00, 0x1c, 0xff, 0xff, 0x83,  //   %@%      .@@+
    0x00, 0x31, 0xff, 0xff, 0x7a, 0x00, 0x00, 0x00, 0x00, 0x00, 0x00, 0x0b, 0xff, 0xff, 0x93,  //  .@@=       @@+
    0x00, 0x69, 0xff, 0xff, 0x3d, 0x00, 0x00, 0x00, 0x00, 0x00, 0x00, 0x15, 0xff, 0xff, 0x8d,  //  =@@:       @@+
    0x00, 0x7e, 0xff, 0xff, 0x30, 0x00, 0x00, 0x00, 0x00, 0x00, 0x00, 0x2c, 0xff, 0xff, 0x7a,  //  =@@.      .@@=
    0x00, 0x6a, 0xff, 0xff, 0x6a, 0x00, 0x00, 0x00, 0x00, 0x00, 0x00, 0x67, 0xff, 0xff, 0x54,  //  =@@=      -@@-
    0x00, 0x23, 0xfd, 0xff, 0xef, 0x5e, 0x0e, 0x06, 0x22, 0x60, 0xbd, 0xff, 0xff, 0xff, 0x23,  //  .@@@-  .-#@@@.
    0x00, 0x00, 0x79, 0xff, 0xff, 0xff, 0xff, 0xff, 0xff, 0xff, 0xfc, 0xfb, 0xff, 0xd9, 0x00,  //   =@@@@@@@@@@% 
    0x00, 0x00, 0x00, 0x45, 0xb2, 0xe9, 0xfb, 0xf1, 0xc9, 0x7d, 0x31, 0xfb, 0xff, 0x87, 0x00,  //    :*%@@#=.@@+ 
    0x00, 0x00, 0x00, 0x00, 0x00, 0x00, 0x00, 0x00, 0x00, 0x00, 0x77, 0xff, 0xf6, 0x18, 0x00,  //           =@@  
    0x00, 0x00, 0x00, 0x00, 0x00, 0x00, 0x00, 0x00, 0x00, 0x1b, 0xee, 0xff, 0x8d, 0x00, 0x00,  //          .@@+  
    0x00, 0x00, 0x00, 0x00, 0x00, 0x00, 0x00, 0x00, 0x14, 0xcd, 0xff, 0xdb, 0x0c, 0x00, 0x00,  //          #@%   
    0x00, 0x00, 0x00, 0x00, 0x00, 0x00, 0x00, 0x48, 0xde, 0xff, 0xeb, 0x26, 0x00, 0x00, 0x00,  //        :%@@.   
    0x00, 0x00, 0x06, 0x15, 0x3a, 0x73, 0xcd, 0xff, 0xff, 0xd5, 0x25, 0x00, 0x00, 0x00, 0x00,  //     :=#@@%.    
    0x86, 0xff, 0xff, 0xff, 0xff, 0xff, 0xff, 0xea, 0x79, 0x06, 0x00, 0x00, 0x00, 0x00, 0x00,  // +@@@@@@@=      
    0xbf, 0xff, 0xf8, 0xe9, 0xc8, 0x98, 0x4f, 0x08, 0x00, 0x00, 0x00, 0x00, 0x00, 0x00, 0x00,  // #@@%#+-        
    // Character ':' (58)
    0x00, 0x00, 0x00, 0x19, 0xbc, 0xef, 0x92, 0x01,  //     #@+ 
    0x00, 0x00, 0x00, 0xad, 0xff, 0xff, 0xff, 0x51,  //    *@@@-
    0x00, 0x00, 0x00, 0xe8, 0xff, 0xff, 0xff, 0x7f,  //    %@@@=
    0x00, 0x00, 0x00, 0xc0, 0xff, 0xff, 0xff, 0x42,  //    #@@@:
    0x00, 0x00, 0x00, 0x2c, 0xd1, 0xec, 0x79, 0x00,  //    .%@= 
    0x00, 0x00, 0x00, 0x00, 0x00, 0x00, 0x00, 0x00,  //         
    0x00, 0x00, 0x00, 0x00, 0x00, 0x00, 0x00, 0x00,  //         
    0x00, 0x00, 0x00, 0x00, 0x00, 0x00, 0x00, 0x00,  //         
    0x00, 0x00, 0x00, 0x00, 0x00, 0x00, 0x00, 0x00,  //         
    0x00, 0x00, 0x00, 0x00, 0x00, 0x00, 0x00, 0x00,  //         
    0x00, 0x2c, 0xce, 0xeb, 0x72, 0x00, 0x00, 0x00,  //  .#@=   
    0x00, 0xd5, 0xff, 0xff, 0xfe, 0x2b, 0x00, 0x00,  //  %@@@.  
    0x0f, 0xff, 0xff, 0xff, 0xff, 0x57, 0x00, 0x00,  //  @@@@-  
    0x01, 0xe7, 0xff, 0xff, 0xfa, 0x21, 0x00, 0x00,  //  %@@@.  
    0x00, 0x46, 0xe0, 0xe3, 0x5a, 0x00, 0x00, 0x00,  //  :%%-   
    // Character ';' (59)
    0x00, 0x00, 0x00, 0x00, 0x00, 0x00, 0x19, 0xbc, 0xef, 0x92, 0x01,  //        #@+ 
    0x00, 0x00, 0x00, 0x00, 0x00, 0x00, 0xad, 0xff, 0xff, 0xff, 0x51,  //       *@@@-
    0x00, 0x00, 0x00, 0x00, 0x00, 0x00, 0xe8, 0xff, 0xff, 0xff, 0x7f,  //       %@@@=
    0x00, 0x00, 0x00, 0x00, 0x00, 0x00, 0xc0, 0xff, 0xff, 0xff, 0x42,  //       #@@@:
    0x00, 0x00, 0x00, 0x00, 0x00, 0x00, 0x2c, 0xd1, 0xec, 0x79, 0x00,  //       .%@= 
    0x00, 0x00, 0x00, 0x00, 0x00, 0x00, 0x00, 0x00, 0x00, 0x00, 0x00,  //            
    0x00, 0x00, 0x00, 0x00, 0x00, 0x00, 0x00, 0x00, 0x00, 0x00, 0x00,  //            
    0x00, 0x00, 0x00, 0x00, 0x00, 0x00, 0x00, 0x00, 0x00, 0x00, 0x00,  //            
    0x00, 0x00, 0x00, 0x00, 0x00, 0x00, 0x00, 0x00, 0x00, 0x00, 0x00,  //            
    0x00, 0x00, 0x00, 0x00, 0x00, 0x00, 0x00, 0x00, 0x00, 0x00, 0x00,  //            
    0x00, 0x00, 0x00, 0x00, 0x18, 0xbf, 0xf2, 0x9f, 0x03, 0x00, 0x00,  //      #@*   
    0x00, 0x00, 0x00, 0x00, 0x9d, 0xff, 0xff, 0xff, 0x5a, 0x00, 0x00,  //     *@@@-  
    0x00, 0x00, 0x00, 0x00, 0xc5, 0xff, 0xff, 0xff, 0x86, 0x00, 0x00,  //     #@@@+  
    0x00, 0x00, 0x00, 0x00, 0x88, 0xff, 0xff, 0xff, 0x71, 0x00, 0x00,  //     +@@@=  
    0x00, 0x00, 0x00, 0x00, 0x1f, 0xff, 0xff, 0xff, 0x3a, 0x00, 0x00,  //     .@@@:  
    0x00, 0x00, 0x00, 0x00, 0x1b, 0xff, 0xff, 0xd7, 0x00, 0x00, 0x00,  //     .@@%   
    0x00, 0x00, 0x00, 0x04, 0xa4, 0xff, 0xfe, 0x44, 0x00, 0x00, 0x00,  //     *@@:   
    0x04, 0x1a, 0x5a, 0xc7, 0xff, 0xff, 0x79, 0x00, 0x00, 0x00, 0x00,  //  .-#@@=    
    0xa8, 0xff, 0xff, 0xff, 0xf1, 0x57, 0x00, 0x00, 0x00, 0x00, 0x00,  // *@@@@-     
    0xa4, 0xec, 0xc1, 0x76, 0x13, 0x00, 0x00, 0x00, 0x00, 0x00, 0x00,  // *@#=       
    // Character '<' (60)
    0x00, 0x00, 0x00, 0x00, 0x00, 0x00, 0x00, 0x00, 0x00, 0x00, 0x50, 0xc0, 0x0d,  //           -# 
    0x00, 0x00, 0x00, 0x00, 0x00, 0x00, 0x00, 0x00, 0x0d, 0x9e, 0xff, 0xff, 0x98,  //          *@@+
    0x00, 0x00, 0x00, 0x00, 0x00, 0x00, 0x00, 0x3d, 0xdf, 0xff, 0xff, 0xa2, 0x0f,  //        :%@@* 
    0x00, 0x00, 0x00, 0x00, 0x00, 0x06, 0x88, 0xfd, 0xff, 0xe9, 0x50, 0x00, 0x00,  //       +@@%-  
    0x00, 0x00, 0x00, 0x00, 0x2c, 0xd0, 0xff, 0xff, 0xae, 0x15, 0x00, 0x00, 0x00,  //     .%@@*    
    0x00, 0x00, 0x01, 0x72, 0xf8, 0xff, 0xef, 0x5d, 0x00, 0x00, 0x00, 0x00, 0x00,  //    =@@@-     
    0x00, 0x1d, 0xbe, 0xff, 0xff, 0xb9, 0x1c, 0x00, 0x00, 0x00, 0x00, 0x00, 0x00,  //  .#@@#.      
    0x5a, 0xf0, 0xff, 0xf4, 0x69, 0x00, 0x00, 0x00, 0x00, 0x00, 0x00, 0x00, 0x00,  // -@@@=        
    0x55, 0xfa, 0xff, 0xdf, 0x20, 0x00, 0x00, 0x00, 0x00, 0x00, 0x00, 0x00, 0x00,  // -@@%.        
    0x00, 0x4e, 0xf9, 0xff, 0xe1, 0x24, 0x00, 0x00, 0x00, 0x00, 0x00, 0x00, 0x00,  //  -@@%.       
    0x00, 0x00, 0x48, 0xf7, 0xff, 0xe5, 0x27, 0x00, 0x00, 0x00, 0x00, 0x00, 0x00,  //   :@@%.      
    0x00, 0x00, 0x00, 0x42, 0xf5, 0xff, 0xe8, 0x2c, 0x00, 0x00, 0x00, 0x00, 0x00,  //    :@@%.     
    0x00, 0x00, 0x00, 0x00, 0x3d, 0xf2, 0xff, 0xeb, 0x30, 0x00, 0x00, 0x00, 0x00,  //     :@@@.    
    0x00, 0x00, 0x00, 0x00, 0x00, 0x38, 0xf0, 0xff, 0xee, 0x35, 0x00, 0x00, 0x00,  //      :@@@:   
    0x00, 0x00, 0x00, 0x00, 0x00, 0x00, 0x32, 0xed, 0xff, 0xe5, 0x0a, 0x00, 0x00,  //       .@@%   
    0x00, 0x00, 0x00, 0x00, 0x00, 0x00, 0x00, 0x2e, 0xc7, 0x2c, 0x00, 0x00, 0x00,  //        .#.   
    // Character '=' (61)
    0x00, 0x5b, 0xff, 0xff, 0xff, 0xff, 0xff, 0xff, 0xff, 0xff, 0xff, 0xff, 0xff, 0xff, 0x40,  //  -@@@@@@@@@@@@:
    0x00, 0x8e, 0xff, 0xff, 0xff, 0xff, 0xff, 0xff, 0xff, 0xff, 0xff, 0xff, 0xff, 0xfd, 0x0d,  //  +@@@@@@@@@@@@ 
    0x00, 0x00, 0x00, 0x00, 0x00, 0x00, 0x00, 0x00, 0x00, 0x00, 0x00, 0x00, 0x00, 0x00, 0x00,  //                
    0x00, 0x00, 0x00, 0x00, 0x00, 0x00, 0x00, 0x00, 0x00, 0x00, 0x00, 0x00, 0x00, 0x00, 0x00,  //                
    0x00, 0x00, 0x00, 0x00, 0x00, 0x00, 0x00, 0x00, 0x00, 0x00, 0x00, 0x00, 0x00, 0x00, 0x00,  //                
    0x60, 0xff, 0xff, 0xff, 0xff, 0xff, 0xff, 0xff, 0xff, 0xff, 0xff, 0xff, 0xff, 0x3c, 0x00,  // -@@@@@@@@@@@@: 
    0x95, 0xff, 0xff, 0xff, 0xff, 0xff, 0xff, 0xff, 0xff, 0xff, 0xff, 0xff, 0xfc, 0x0a, 0x00,  // +@@@@@@@@@@@@  
    // Character '>' (62)
    0x00, 0x00, 0x00, 0x00, 0x61, 0xb5, 0x0a, 0x00, 0x00, 0x00, 0x00, 0x00, 0x00, 0x00,  //     -*        
    0x00, 0x00, 0x00, 0x40, 0xff, 0xff, 0xc1, 0x0c, 0x00, 0x00, 0x00, 0x00, 0x00, 0x00,  //    :@@#       
    0x00, 0x00, 0x00, 0x00, 0x74, 0xff, 0xff, 0xc6, 0x0f, 0x00, 0x00, 0x00, 0x00, 0x00,  //     =@@#      
    0x00, 0x00, 0x00, 0x00, 0x00, 0x6e, 0xff, 0xff, 0xcb, 0x11, 0x00, 0x00, 0x00, 0x00,  //      =@@#     
    0x00, 0x00, 0x00, 0x00, 0x00, 0x00, 0x67, 0xfe, 0xff, 0xd0, 0x14, 0x00, 0x00, 0x00,  //       -@@%    
    0x00, 0x00, 0x00, 0x00, 0x00, 0x00, 0x00, 0x61, 0xfd, 0xff, 0xd4, 0x17, 0x00, 0x00,  //        -@@%   
    0x00, 0x00, 0x00, 0x00, 0x00, 0x00, 0x00, 0x00, 0x5b, 0xfc, 0xff, 0xd8, 0x1a, 0x00,  //         -@@%. 
    0x00, 0x00, 0x00, 0x00, 0x00, 0x00, 0x00, 0x00, 0x00, 0x54, 0xfc, 0xff, 0xdc, 0x1e,  //          -@@%.
    0x00, 0x00, 0x00, 0x00, 0x00, 0x00, 0x00, 0x00, 0x0e, 0x9f, 0xff, 0xff, 0xce, 0x28,  //          *@@#.
    0x00, 0x00, 0x00, 0x00, 0x00, 0x00, 0x00, 0x42, 0xe1, 0xff, 0xfd, 0x87, 0x05, 0x00,  //        :%@@+  
    0x00, 0x00, 0x00, 0x00, 0x00, 0x09, 0x91, 0xfe, 0xff, 0xdd, 0x3b, 0x00, 0x00, 0x00,  //       +@@%:   
    0x00, 0x00, 0x00, 0x00, 0x37, 0xd9, 0xff, 0xff, 0x9e, 0x0d, 0x00, 0x00, 0x00, 0x00,  //     :%@@*     
    0x00, 0x00, 0x05, 0x83, 0xfc, 0xff, 0xea, 0x4f, 0x00, 0x00, 0x00, 0x00, 0x00, 0x00,  //    +@@@-      
    0x00, 0x2c, 0xcf, 0xff, 0xff, 0xb4, 0x17, 0x00, 0x00, 0x00, 0x00, 0x00, 0x00, 0x00,  //  .#@@*        
    0x07, 0xe1, 0xff, 0xf4, 0x67, 0x00, 0x00, 0x00, 0x00, 0x00, 0x00, 0x00, 0x00, 0x00,  //  %@@-         
    0x00, 0x3b, 0xc1, 0x24, 0x00, 0x00, 0x00, 0x00, 0x00, 0x00, 0x00, 0x00, 0x00, 0x00,  //  :#.          
    // Character '?' (63)
    0x00, 0x00, 0x11, 0xfb, 0xee, 0xd0, 0x97, 0x3b, 0x00, 0x00, 0x00,  //    @@%+:   
    0x00, 0x00, 0x48, 0xff, 0xff, 0xff, 0xff, 0xff, 0xb4, 0x14, 0x00,  //   :@@@@@*  
    0x00, 0x00, 0x00, 0x0c, 0x2b, 0x60, 0xd6, 0xff, 0xff, 0xd0, 0x08,  //     .-%@@% 
    0x00, 0x00, 0x00, 0x00, 0x00, 0x00, 0x09, 0xbf, 0xff, 0xff, 0x76,  //        #@@=
    0x00, 0x00, 0x00, 0x00, 0x00, 0x00, 0x00, 0x29, 0xff, 0xff, 0xcd,  //        .@@#
    0x00, 0x00, 0x00, 0x00, 0x00, 0x00, 0x00, 0x00, 0xef, 0xff, 0xe9,  //         @@%
    0x00, 0x00, 0x00, 0x00, 0x00, 0x00, 0x00, 0x03, 0xf8, 0xff, 0xd4,  //         @@%
    0x00, 0x00, 0x00, 0x00, 0x00, 0x00, 0x00, 0x57, 0xff, 0xff, 0x8e,  //        -@@+
    0x00, 0x00, 0x00, 0x00, 0x06, 0x25, 0x7c, 0xf7, 0xff, 0xee, 0x1a,  //      .=@@@.
    0x00, 0x00, 0x79, 0xff, 0xff, 0xff, 0xff, 0xff, 0xe7, 0x39, 0x00,  //   =@@@@@%: 
    0x00, 0x00, 0xa1, 0xff, 0xfe, 0xeb, 0xc2, 0x75, 0x0f, 0x00, 0x00,  //   *@@@#=   
    0x00, 0x00, 0xc9, 0xff, 0x92, 0x00, 0x00, 0x00, 0x00, 0x00, 0x00,  //   #@+      
    0x00, 0x00, 0xf0, 0xff, 0x60, 0x00, 0x00, 0x00, 0x00, 0x00, 0x00,  //   @@-      
    0x00, 0x19, 0xff, 0xff, 0x2e, 0x00, 0x00, 0x00, 0x00, 0x00, 0x00,  //   @@.      
    0x00, 0x40, 0xff, 0xf8, 0x04, 0x00, 0x00, 0x00, 0x00, 0x00, 0x00,  //  :@@       
    0x00, 0x00, 0x00, 0x00, 0x00, 0x00, 0x00, 0x00, 0x00, 0x00, 0x00,  //            
    0x00, 0x00, 0x00, 0x00, 0x00, 0x00, 0x00, 0x00, 0x00, 0x00, 0x00,  //            
    0x3e, 0xdd, 0xe5, 0x46, 0x00, 0x00, 0x00, 0x00, 0x00, 0x00, 0x00,  // :%%:       
    0xd3, 0xff, 0xff, 0xd3, 0x00, 0x00, 0x00, 0x00, 0x00, 0x00, 0x00,  // %@@%       
    0xdd, 0xff, 0xff, 0xca, 0x00, 0x00, 0x00, 0x00, 0x00, 0x00, 0x00,  // %@@#       
    0x4e, 0xe6, 0xdc, 0x39, 0x00, 0x00, 0x00, 0x00, 0x00, 0x00, 0x00,  // -%%:       
    // Character '@' (64)
    0x00, 0x00, 0x00, 0x00, 0x00, 0x00, 0x00, 0x00, 0x00, 0x31, 0x99, 0xdb, 0xf8, 0xec, 0xb7, 0x49, 0x00, 0x00, 0x00,  //          .+%@@#:   
    0x00, 0x00, 0x00, 0x00, 0x00, 0x00, 0x00, 0x0b, 0x95, 0xfe, 0xff, 0xff, 0xff, 0xff, 0xff, 0xff, 0x75, 0x00, 0x00,  //         +@@@@@@@=  
    0x00, 0x00, 0x00, 0x00, 0x00, 0x00, 0x14, 0xc9, 0xff, 0xef, 0x7b, 0x22, 0x07, 0x2c, 0xab, 0xff, 0xfc, 0x2c, 0x00,  //        #@@=. .*@@. 
    0x00, 0x00, 0x00, 0x00, 0x00, 0x0b, 0xce, 0xff, 0xcd, 0x1f, 0x00, 0x00, 0x00, 0x00, 0x02, 0xc3, 0xff, 0x93, 0x00,  //       #@#.     #@+ 
    0x00, 0x00, 0x00, 0x00, 0x00, 0xad, 0xff, 0xce, 0x10, 0x00, 0x00, 0x00, 0x00, 0x00, 0x00, 0x53, 0xff, 0xd5, 0x00,  //      *@#       -@% 
    0x00, 0x00, 0x00, 0x00, 0x60, 0xff, 0xed, 0x1e, 0x00, 0x00, 0x00, 0x00, 0x00, 0x00, 0x00, 0x19, 0xff, 0xfa, 0x00,  //     -@@.        @@ 
    0x00, 0x00, 0x00, 0x14, 0xef, 0xff, 0x57, 0x00, 0x00, 0x00, 0x00, 0x00, 0x00, 0x00, 0x00, 0x01, 0xfe, 0xff, 0x0a,  //     @@-         @@ 
    0x00, 0x00, 0x00, 0x8d, 0xff, 0xbd, 0x00, 0x00, 0x3b, 0xbf, 0xf5, 0xe6, 0xb0, 0xcb, 0x58, 0x01, 0xfc, 0xff, 0x06,  //    +@#  :#@%*#- @@ 
    0x00, 0x00, 0x16, 0xf7, 0xff, 0x3d, 0x00, 0x56, 0xfc, 0xff, 0xff, 0xff, 0xff, 0xfc, 0x14, 0x10, 0xff, 0xf6, 0x00,  //    @@: -@@@@@@  @@ 
    0x00, 0x00, 0x7a, 0xff, 0xcc, 0x00, 0x1f, 0xf4, 0xff, 0x7f, 0x0e, 0xb6, 0xff, 0xc2, 0x00, 0x23, 0xff, 0xe7, 0x00,  //   =@# .@@= #@# .@% 
    0x00, 0x01, 0xdf, 0xff, 0x5a, 0x00, 0xb2, 0xff, 0xb3, 0x00, 0x00, 0xdf, 0xff, 0x73, 0x00, 0x4a, 0xff, 0xc7, 0x00,  //   %@- *@*  %@= :@# 
    0x00, 0x35, 0xff, 0xe8, 0x05, 0x25, 0xff, 0xff, 0x35, 0x00, 0x2d, 0xff, 0xff, 0x24, 0x00, 0x76, 0xff, 0x9a, 0x00,  //  :@% .@@: .@@. =@+ 
    0x00, 0x86, 0xff, 0x99, 0x00, 0x88, 0xff, 0xcc, 0x00, 0x00, 0x7a, 0xff, 0xd5, 0x00, 0x00, 0xac, 0xff, 0x6d, 0x00,  //  +@+ +@#  =@%  *@= 
    0x00, 0xc9, 0xff, 0x4c, 0x00, 0xd2, 0xff, 0x7f, 0x00, 0x00, 0xcc, 0xff, 0x87, 0x00, 0x04, 0xf0, 0xff, 0x2e, 0x00,  //  #@: %@=  #@+  @@. 
    0x09, 0xfa, 0xfe, 0x10, 0x0f, 0xfd, 0xff, 0x3f, 0x00, 0x26, 0xff, 0xff, 0x39, 0x00, 0x44, 0xff, 0xdd, 0x00, 0x00,  //  @@  @@: .@@: :@%  
    0x36, 0xff, 0xd7, 0x00, 0x39, 0xff, 0xff, 0x0d, 0x00, 0x8c, 0xff, 0xef, 0x02, 0x00, 0xb1, 0xff, 0x8b, 0x00, 0x00,  // :@% :@@  +@@  *@+  
    0x5b, 0xff, 0xae, 0x00, 0x50, 0xff, 0xee, 0x00, 0x15, 0xf2, 0xff, 0xbe, 0x00, 0x2d, 0xfd, 0xfc, 0x22, 0x00, 0x00,  // -@* -@@  @@# .@@.  
    0x7a, 0xff, 0x8c, 0x00, 0x55, 0xff, 0xf6, 0x20, 0xb4, 0xfd, 0xff, 0xc4, 0x1e, 0xd2, 0xff, 0x92, 0x00, 0x00, 0x00,  // =@+ -@@.*@@#.%@+   
    0x89, 0xff, 0x7c, 0x00, 0x24, 0xfd, 0xff, 0xff, 0xff, 0x8a, 0xfd, 0xff, 0xff, 0xff, 0xcb, 0x0a, 0x00, 0x00, 0x00,  // +@= .@@@@+@@@@#    
    0x94, 0xff, 0x73, 0x00, 0x00, 0x70, 0xeb, 0xec, 0x7f, 0x01, 0x75, 0xe8, 0xee, 0x99, 0x0d, 0x00, 0x00, 0x00, 0x00,  // +@=  =@@= =%@+     
    0x8e, 0xff, 0x7d, 0x00, 0x00, 0x00, 0x00, 0x00, 0x00, 0x00, 0x00, 0x00, 0x00, 0x00, 0x00, 0x00, 0x00, 0x00, 0x00,  // +@=                
    0x7b, 0xff, 0xa0, 0x00, 0x00, 0x00, 0x00, 0x00, 0x00, 0x00, 0x00, 0x00, 0x00, 0x00, 0x00, 0x00, 0x00, 0x00, 0x00,  // =@*                
    0x4e, 0xff, 0xe4, 0x02, 0x00, 0x00, 0x00, 0x00, 0x00, 0x00, 0x00, 0x00, 0x00, 0x00, 0x00, 0x00, 0x00, 0x00, 0x00,  // -@%                
    0x0d, 0xf6, 0xff, 0x70, 0x00, 0x00, 0x00, 0x00, 0x00, 0x00, 0x00, 0x00, 0x00, 0x00, 0x00, 0x00, 0x00, 0x00, 0x00,  //  @@=               
    0x00, 0x8e, 0xff, 0xfd, 0x86, 0x23, 0x04, 0x0b, 0x2a, 0x5e, 0xa7, 0x74, 0x00, 0x00, 0x00, 0x00, 0x00, 0x00, 0x00,  //  +@@+.  .-*=       
    0x00, 0x0a, 0xbf, 0xff, 0xff, 0xff, 0xff, 0xff, 0xff, 0xff, 0xff, 0x7b, 0x00, 0x00, 0x00, 0x00, 0x00, 0x00, 0x00,  //   #@@@@@@@@=       
    0x00, 0x00, 0x04, 0x67, 0xc2, 0xee, 0xfc, 0xef, 0xcb, 0x93, 0x45, 0x02, 0x00, 0x00, 0x00, 0x00, 0x00, 0x00, 0x00,  //    -#@@@#+:        
    // Character 'A' (65)
    0x00, 0x00, 0x00, 0x00, 0x00, 0x00, 0x00, 0x00, 0x00, 0x00, 0x6d, 0xff, 0xff, 0xff, 0x7b, 0x00, 0x00,  //           =@@@=  
    0x00, 0x00, 0x00, 0x00, 0x00, 0x00, 0x00, 0x00, 0x00, 0x0c, 0xe9, 0xff, 0xfc, 0xff, 0x9c, 0x00, 0x00,  //           %@@@*  
    0x00, 0x00, 0x00, 0x00, 0x00, 0x00, 0x00, 0x00, 0x00, 0x7f, 0xff, 0xcc, 0xc9, 0xff, 0xbd, 0x00, 0x00,  //          =@##@#  
    0x00, 0x00, 0x00, 0x00, 0x00, 0x00, 0x00, 0x00, 0x15, 0xf2, 0xff, 0x53, 0xae, 0xff, 0xde, 0x00, 0x00,  //          @@-*@%  
    0x00, 0x00, 0x00, 0x00, 0x00, 0x00, 0x00, 0x00, 0x92, 0xff, 0xd7, 0x02, 0x93, 0xff, 0xfb, 0x03, 0x00,  //         +@% +@@  
    0x00, 0x00, 0x00, 0x00, 0x00, 0x00, 0x00, 0x21, 0xf9, 0xff, 0x60, 0x00, 0x79, 0xff, 0xff, 0x20, 0x00,  //        .@@- =@@. 
    0x00, 0x00, 0x00, 0x00, 0x00, 0x00, 0x00, 0xa4, 0xff, 0xe2, 0x05, 0x00, 0x5e, 0xff, 0xff, 0x41, 0x00,  //        *@%  -@@: 
    0x00, 0x00, 0x00, 0x00, 0x00, 0x00, 0x2f, 0xfe, 0xff, 0x6e, 0x00, 0x00, 0x43, 0xff, 0xff, 0x61, 0x00,  //       .@@=  :@@- 
    0x00, 0x00, 0x00, 0x00, 0x00, 0x00, 0xb7, 0xff, 0xea, 0x0a, 0x00, 0x00, 0x28, 0xff, 0xff, 0x82, 0x00,  //       #@@   .@@+ 
    0x00, 0x00, 0x00, 0x00, 0x00, 0x40, 0xff, 0xff, 0x7b, 0x00, 0x00, 0x00, 0x0e, 0xff, 0xff, 0xa3, 0x00,  //      :@@=    @@* 
    0x00, 0x00, 0x00, 0x00, 0x00, 0xc8, 0xff, 0xf2, 0x10, 0x00, 0x00, 0x00, 0x00, 0xf3, 0xff, 0xc4, 0x00,  //      #@@     @@# 
    0x00, 0x00, 0x00, 0x00, 0x53, 0xff, 0xff, 0x89, 0x00, 0x00, 0x00, 0x00, 0x00, 0xd8, 0xff, 0xe5, 0x00,  //     -@@+     %@% 
    0x00, 0x00, 0x00, 0x03, 0xd8, 0xff, 0xf8, 0x18, 0x00, 0x00, 0x00, 0x00, 0x00, 0xbd, 0xff, 0xfe, 0x07,  //     %@@      #@@ 
    0x00, 0x00, 0x00, 0x65, 0xff, 0xff, 0xff, 0xff, 0xff, 0xff, 0xff, 0xff, 0xff, 0xff, 0xff, 0xff, 0x26,  //    -@@@@@@@@@@@@.
    0x00, 0x00, 0x09, 0xe4, 0xff, 0xff, 0xff, 0xff, 0xff, 0xff, 0xff, 0xff, 0xff, 0xff, 0xff, 0xff, 0x47,  //    %@@@@@@@@@@@@:
    0x00, 0x00, 0x78, 0xff, 0xff, 0x5c, 0x00, 0x00, 0x00, 0x00, 0x00, 0x00, 0x00, 0x56, 0xff, 0xff, 0x68,  //   =@@-       -@@=
    0x00, 0x11, 0xef, 0xff, 0xce, 0x01, 0x00, 0x00, 0x00, 0x00, 0x00, 0x00, 0x00, 0x38, 0xff, 0xff, 0x89,  //   @@#        :@@+
    0x00, 0x8a, 0xff, 0xff, 0x43, 0x00, 0x00, 0x00, 0x00, 0x00, 0x00, 0x00, 0x00, 0x1a, 0xff, 0xff, 0xaa,  //  +@@:        .@@*
    0x1c, 0xf7, 0xff, 0xb6, 0x00, 0x00, 0x00, 0x00, 0x00, 0x00, 0x00, 0x00, 0x00, 0x01, 0xf9, 0xff, 0xcb,  // .@@#          @@#
    // Character 'B' (66)
    0x00, 0x00, 0x00, 0x00, 0x76, 0xff, 0xff, 0xff, 0xff, 0xff, 0xf9, 0xe7, 0xbc, 0x6a, 0x08, 0x00,  //     =@@@@@@%#=  
    0x00, 0x00, 0x00, 0x00, 0xaa, 0xff, 0xff, 0xff, 0xff, 0xff, 0xff, 0xff, 0xff, 0xff, 0xcc, 0x0b,  //     *@@@@@@@@@# 
    0x00, 0x00, 0x00, 0x00, 0xdd, 0xff, 0xb5, 0x00, 0x00, 0x01, 0x11, 0x4a, 0xdb, 0xff, 0xff, 0x73,  //     %@*    :%@@=
    0x00, 0x00, 0x00, 0x11, 0xff, 0xff, 0x82, 0x00, 0x00, 0x00, 0x00, 0x00, 0x3c, 0xff, 0xff, 0x9f,  //     @@+     :@@*
    0x00, 0x00, 0x00, 0x44, 0xff, 0xff, 0x4f, 0x00, 0x00, 0x00, 0x00, 0x00, 0x2a, 0xff, 0xff, 0x88,  //    :@@-     .@@+
    0x00, 0x00, 0x00, 0x78, 0xff, 0xff, 0x1b, 0x00, 0x00, 0x00, 0x00, 0x00, 0x65, 0xff, 0xff, 0x53,  //    =@@.     -@@-
    0x00, 0x00, 0x00, 0xac, 0xff, 0xe8, 0x00, 0x00, 0x00, 0x00, 0x00, 0x1e, 0xe5, 0xff, 0xd3, 0x04,  //    *@%     .%@% 
    0x00, 0x00, 0x00, 0xdf, 0xff, 0xb5, 0x00, 0x00, 0x07, 0x24, 0x72, 0xeb, 0xff, 0xda, 0x21, 0x00,  //    %@*   .=@@%. 
    0x00, 0x00, 0x13, 0xff, 0xff, 0xff, 0xff, 0xff, 0xff, 0xff, 0xff, 0xed, 0x7a, 0x0b, 0x00, 0x00,  //    @@@@@@@@@=   
    0x00, 0x00, 0x46, 0xff, 0xff, 0xff, 0xff, 0xff, 0xff, 0xff, 0xff, 0xff, 0xd2, 0x36, 0x00, 0x00,  //   :@@@@@@@@@%:  
    0x00, 0x00, 0x7a, 0xff, 0xff, 0x17, 0x00, 0x00, 0x0e, 0x2f, 0x8f, 0xfe, 0xff, 0xf2, 0x1c, 0x00,  //   =@@    .+@@@. 
    0x00, 0x00, 0xad, 0xff, 0xe7, 0x00, 0x00, 0x00, 0x00, 0x00, 0x00, 0x84, 0xff, 0xff, 0x75, 0x00,  //   *@%      +@@= 
    0x00, 0x00, 0xe1, 0xff, 0xb7, 0x00, 0x00, 0x00, 0x00, 0x00, 0x00, 0x38, 0xff, 0xff, 0x92, 0x00,  //   %@#      :@@+ 
    0x00, 0x14, 0xff, 0xff, 0x87, 0x00, 0x00, 0x00, 0x00, 0x00, 0x00, 0x48, 0xff, 0xff, 0x77, 0x00,  //   @@+      :@@= 
    0x00, 0x48, 0xff, 0xff, 0x57, 0x00, 0x00, 0x00, 0x00, 0x00, 0x00, 0x9e, 0xff, 0xff, 0x35, 0x00,  //  :@@-      *@@: 
    0x00, 0x7c, 0xff, 0xff, 0x27, 0x00, 0x00, 0x00, 0x00, 0x00, 0x56, 0xfe, 0xff, 0xb1, 0x00, 0x00,  //  =@@.     -@@*  
    0x00, 0xaf, 0xff, 0xf5, 0x02, 0x00, 0x02, 0x11, 0x41, 0x9e, 0xfe, 0xff, 0xd9, 0x10, 0x00, 0x00,  //  *@@    :*@@%   
    0x00, 0xe3, 0xff, 0xff, 0xff, 0xff, 0xff, 0xff, 0xff, 0xff, 0xff, 0xaf, 0x15, 0x00, 0x00, 0x00,  //  %@@@@@@@@@*    
    0x16, 0xff, 0xff, 0xff, 0xff, 0xff, 0xfa, 0xeb, 0xc5, 0x89, 0x30, 0x00, 0x00, 0x00, 0x00, 0x00,  //  @@@@@@@#+.     
    // Character 'C' (67)
    0x00, 0x00, 0x00, 0x00, 0x00, 0x00, 0x03, 0x55, 0xa5, 0xdc, 0xf3, 0xf5, 0xdc, 0xbf, 0x81, 0x20,  //        -*%@@%#=.
    0x00, 0x00, 0x00, 0x00, 0x00, 0x43, 0xdc, 0xff, 0xff, 0xff, 0xff, 0xff, 0xff, 0xff, 0xff, 0xa2,  //      :%@@@@@@@@*
    0x00, 0x00, 0x00, 0x00, 0x74, 0xfe, 0xff, 0xec, 0x7c, 0x2d, 0x0b, 0x08, 0x1f, 0x59, 0xb8, 0x5d,  //     =@@@=.  .-#-
    0x00, 0x00, 0x00, 0x6a, 0xff, 0xff, 0xbd, 0x13, 0x00, 0x00, 0x00, 0x00, 0x00, 0x00, 0x00, 0x00,  //    =@@#         
    0x00, 0x00, 0x30, 0xfb, 0xff, 0xd4, 0x0c, 0x00, 0x00, 0x00, 0x00, 0x00, 0x00, 0x00, 0x00, 0x00,  //   .@@%          
    0x00, 0x00, 0xc8, 0xff, 0xf6, 0x23, 0x00, 0x00, 0x00, 0x00, 0x00, 0x00, 0x00, 0x00, 0x00, 0x00,  //   #@@.          
    0x00, 0x49, 0xff, 0xff, 0x93, 0x00, 0x00, 0x00, 0x00, 0x00, 0x00, 0x00, 0x00, 0x00, 0x00, 0x00,  //  :@@+           
    0x00, 0xb1, 0xff, 0xfd, 0x1f, 0x00, 0x00, 0x00, 0x00, 0x00, 0x00, 0x00, 0x00, 0x00, 0x00, 0x00,  //  *@@.           
    0x0a, 0xf9, 0xff, 0xcd, 0x00, 0x00, 0x00, 0x00, 0x00, 0x00, 0x00, 0x00, 0x00, 0x00, 0x00, 0x00,  //  @@#            
    0x43, 0xff, 0xff, 0x8d, 0x00, 0x00, 0x00, 0x00, 0x00, 0x00, 0x00, 0x00, 0x00, 0x00, 0x00, 0x00,  // :@@+            
    0x6f, 0xff, 0xff, 0x61, 0x00, 0x00, 0x00, 0x00, 0x00, 0x00, 0x00, 0x00, 0x00, 0x00, 0x00, 0x00,  // =@@-            
    0x8b, 0xff, 0xff, 0x4c, 0x00, 0x00, 0x00, 0x00, 0x00, 0x00, 0x00, 0x00, 0x00, 0x00, 0x00, 0x00,  // +@@:            
    0x94, 0xff, 0xff, 0x41, 0x00, 0x00, 0x00, 0x00, 0x00, 0x00, 0x00, 0x00, 0x00, 0x00, 0x00, 0x00,  // +@@:            
    0x86, 0xff, 0xff, 0x58, 0x00, 0x00, 0x00, 0x00, 0x00, 0x00, 0x00, 0x00, 0x00, 0x00, 0x00, 0x00,  // +@@-            
    0x5d, 0xff, 0xff, 0x9b, 0x00, 0x00, 0x00, 0x00, 0x00, 0x00, 0x00, 0x00, 0x00, 0x00, 0x00, 0x00,  // -@@+            
    0x16, 0xf8, 0xff, 0xf7, 0x30, 0x00, 0x00, 0x00, 0x00, 0x00, 0x00, 0x00, 0x00, 0x00, 0x00, 0x00,  //  @@@.           
    0x00, 0x86, 0xff, 0xff, 0xf0, 0x73, 0x23, 0x05, 0x09, 0x22, 0x54, 0xa0, 0x83, 0x00, 0x00, 0x00,  //  +@@@=.  .-*+   
    0x00, 0x02, 0x97, 0xff, 0xff, 0xff, 0xff, 0xff, 0xff, 0xff, 0xff, 0xff, 0x5a, 0x00, 0x00, 0x00,  //   +@@@@@@@@@-   
    0x00, 0x00, 0x00, 0x37, 0x9b, 0xd6, 0xf3, 0xf9, 0xe2, 0xc6, 0x89, 0x3a, 0x02, 0x00, 0x00, 0x00,  //    :+%@@%#+:    
    // Character 'D' (68)
    0x00, 0x00, 0x00, 0x2e, 0xff, 0xff, 0xff, 0xff, 0xff, 0xf4, 0xe1, 0xb3, 0x67, 0x0d, 0x00, 0x00, 0x00,  //    .@@@@@@%*-    
    0x00, 0x00, 0x00, 0x62, 0xff, 0xff, 0xff, 0xff, 0xff, 0xff, 0xff, 0xff, 0xff, 0xe4, 0x3f, 0x00, 0x00,  //    -@@@@@@@@@%:  
    0x00, 0x00, 0x00, 0x95, 0xff, 0xf8, 0x05, 0x00, 0x02, 0x11, 0x3d, 0x9b, 0xfe, 0xff, 0xf3, 0x26, 0x00,  //    +@@    :+@@@. 
    0x00, 0x00, 0x00, 0xc9, 0xff, 0xcc, 0x00, 0x00, 0x00, 0x00, 0x00, 0x00, 0x63, 0xff, 0xff, 0xa5, 0x00,  //    #@#      -@@* 
    0x00, 0x00, 0x04, 0xf7, 0xff, 0x9a, 0x00, 0x00, 0x00, 0x00, 0x00, 0x00, 0x00, 0xd4, 0xff, 0xf0, 0x03,  //    @@+       %@@ 
    0x00, 0x00, 0x30, 0xff, 0xff, 0x68, 0x00, 0x00, 0x00, 0x00, 0x00, 0x00, 0x00, 0x98, 0xff, 0xff, 0x1a,  //   .@@=       +@@.
    0x00, 0x00, 0x64, 0xff, 0xff, 0x36, 0x00, 0x00, 0x00, 0x00, 0x00, 0x00, 0x00, 0x87, 0xff, 0xff, 0x28,  //   -@@:       +@@.
    0x00, 0x00, 0x97, 0xff, 0xfb, 0x08, 0x00, 0x00, 0x00, 0x00, 0x00, 0x00, 0x00, 0x92, 0xff, 0xff, 0x1e,  //   +@@        +@@.
    0x00, 0x00, 0xcb, 0xff, 0xd2, 0x00, 0x00, 0x00, 0x00, 0x00, 0x00, 0x00, 0x00, 0xb0, 0xff, 0xfa, 0x04,  //   #@%        *@@ 
    0x00, 0x05, 0xf8, 0xff, 0x9f, 0x00, 0x00, 0x00, 0x00, 0x00, 0x00, 0x00, 0x00, 0xda, 0xff, 0xd6, 0x00,  //   @@*        %@% 
    0x00, 0x32, 0xff, 0xff, 0x6d, 0x00, 0x00, 0x00, 0x00, 0x00, 0x00, 0x00, 0x18, 0xff, 0xff, 0x96, 0x00,  //  .@@=        @@+ 
    0x00, 0x65, 0xff, 0xff, 0x3b, 0x00, 0x00, 0x00, 0x00, 0x00, 0x00, 0x00, 0x6e, 0xff, 0xff, 0x4d, 0x00,  //  -@@:       =@@: 
    0x00, 0x99, 0xff, 0xfd, 0x0b, 0x00, 0x00, 0x00, 0x00, 0x00, 0x00, 0x02, 0xd8, 0xff, 0xe1, 0x04, 0x00,  //  +@@        %@%  
    0x00, 0xcd, 0xff, 0xd7, 0x00, 0x00, 0x00, 0x00, 0x00, 0x00, 0x00, 0x74, 0xff, 0xff, 0x70, 0x00, 0x00,  //  #@%       =@@=  
    0x06, 0xf9, 0xff, 0xa5, 0x00, 0x00, 0x00, 0x00, 0x00, 0x00, 0x3c, 0xf6, 0xff, 0xd5, 0x07, 0x00, 0x00,  //  @@*      :@@%   
    0x34, 0xff, 0xff, 0x73, 0x00, 0x00, 0x00, 0x00, 0x00, 0x55, 0xf6, 0xff, 0xef, 0x28, 0x00, 0x00, 0x00,  // :@@=     -@@@.   
    0x67, 0xff, 0xff, 0x41, 0x00, 0x09, 0x23, 0x5e, 0xbf, 0xff, 0xff, 0xe5, 0x30, 0x00, 0x00, 0x00, 0x00,  // -@@:  .-#@@%.    
    0x9b, 0xff, 0xff, 0xff, 0xff, 0xff, 0xff, 0xff, 0xff, 0xfa, 0x9a, 0x12, 0x00, 0x00, 0x00, 0x00, 0x00,  // +@@@@@@@@@+      
    0xce, 0xff, 0xff, 0xff, 0xfe, 0xf4, 0xdf, 0xb3, 0x70, 0x1a, 0x00, 0x00, 0x00, 0x00, 0x00, 0x00, 0x00,  // #@@@@@%*=.       
    // Character 'E' (69)
    0x00, 0x00, 0x00, 0x00, 0xd2, 0xff, 0xff, 0xff, 0xff, 0xff, 0xff, 0xff, 0xff, 0xff, 0xfe, 0x10,  //     %@@@@@@@@@@ 
    0x00, 0x00, 0x00, 0x09, 0xfc, 0xff, 0xff, 0xff, 0xff, 0xff, 0xff, 0xff, 0xff, 0xff, 0xd4, 0x00,  //     @@@@@@@@@@% 
    0x00, 0x00, 0x00, 0x3a, 0xff, 0xff, 0x55, 0x00, 0x00, 0x00, 0x00, 0x00, 0x00, 0x00, 0x00, 0x00,  //    :@@-         
    0x00, 0x00, 0x00, 0x6e, 0xff, 0xff, 0x22, 0x00, 0x00, 0x00, 0x00, 0x00, 0x00, 0x00, 0x00, 0x00,  //    =@@.         
    0x00, 0x00, 0x00, 0xa1, 0xff, 0xee, 0x00, 0x00, 0x00, 0x00, 0x00, 0x00, 0x00, 0x00, 0x00, 0x00,  //    *@@          
    0x00, 0x00, 0x00, 0xd5, 0xff, 0xbb, 0x00, 0x00, 0x00, 0x00, 0x00, 0x00, 0x00, 0x00, 0x00, 0x00,  //    %@#          
    0x00, 0x00, 0x0b, 0xfd, 0xff, 0x88, 0x00, 0x00, 0x00, 0x00, 0x00, 0x00, 0x00, 0x00, 0x00, 0x00,  //    @@+          
    0x00, 0x00, 0x3d, 0xff, 0xff, 0x55, 0x00, 0x00, 0x00, 0x00, 0x00, 0x00, 0x00, 0x00, 0x00, 0x00,  //   :@@-          
    0x00, 0x00, 0x71, 0xff, 0xff, 0xff, 0xff, 0xff, 0xff, 0xff, 0xff, 0xff, 0xff, 0x14, 0x00, 0x00,  //   =@@@@@@@@@@   
    0x00, 0x00, 0xa4, 0xff, 0xff, 0xff, 0xff, 0xff, 0xff, 0xff, 0xff, 0xff, 0xde, 0x00, 0x00, 0x00,  //   *@@@@@@@@@%   
    0x00, 0x00, 0xd8, 0xff, 0xb7, 0x00, 0x00, 0x00, 0x00, 0x00, 0x00, 0x00, 0x00, 0x00, 0x00, 0x00,  //   %@#           
    0x00, 0x0d, 0xfe, 0xff, 0x87, 0x00, 0x00, 0x00, 0x00, 0x00, 0x00, 0x00, 0x00, 0x00, 0x00, 0x00,  //   @@+           
    0x00, 0x40, 0xff, 0xff, 0x57, 0x00, 0x00, 0x00, 0x00, 0x00, 0x00, 0x00, 0x00, 0x00, 0x00, 0x00,  //  :@@-           
    0x00, 0x74, 0xff, 0xff, 0x27, 0x00, 0x00, 0x00, 0x00, 0x00, 0x00, 0x00, 0x00, 0x00, 0x00, 0x00,  //  =@@.           
    0x00, 0xa7, 0xff, 0xf5, 0x02, 0x00, 0x00, 0x00, 0x00, 0x00, 0x00, 0x00, 0x00, 0x00, 0x00, 0x00,  //  *@@            
    0x00, 0xdb, 0xff, 0xc7, 0x00, 0x00, 0x00, 0x00, 0x00, 0x00, 0x00, 0x00, 0x00, 0x00, 0x00, 0x00,  //  %@#            
    0x0f, 0xfe, 0xff, 0x97, 0x00, 0x00, 0x00, 0x00, 0x00, 0x00, 0x00, 0x00, 0x00, 0x00, 0x00, 0x00,  //  @@+            
    0x43, 0xff, 0xff, 0xff, 0xff, 0xff, 0xff, 0xff, 0xff, 0xff, 0xff, 0xab, 0x00, 0x00, 0x00, 0x00,  // :@@@@@@@@@@*    
    0x76, 0xff, 0xff, 0xff, 0xff, 0xff, 0xff, 0xff, 0xff, 0xff, 0xff, 0x73, 0x00, 0x00, 0x00, 0x00,  // =@@@@@@@@@@=    
    // Character 'F' (70)
    0x00, 0x00, 0x00, 0x00, 0xc2, 0xff, 0xff, 0xff, 0xff, 0xff, 0xff, 0xff, 0xff, 0xff, 0xfb, 0x0a,  //     #@@@@@@@@@@ 
    0x00, 0x00, 0x00, 0x02, 0xf3, 0xff, 0xff, 0xff, 0xff, 0xff, 0xff, 0xff, 0xff, 0xff, 0xcc, 0x00,  //     @@@@@@@@@@# 
    0x00, 0x00, 0x00, 0x2a, 0xff, 0xff, 0x78, 0x00, 0x00, 0x00, 0x00, 0x00, 0x00, 0x00, 0x00, 0x00,  //    .@@=         
    0x00, 0x00, 0x00, 0x5e, 0xff, 0xff, 0x4a, 0x00, 0x00, 0x00, 0x00, 0x00, 0x00, 0x00, 0x00, 0x00,  //    -@@:         
    0x00, 0x00, 0x00, 0x91, 0xff, 0xff, 0x1c, 0x00, 0x00, 0x00, 0x00, 0x00, 0x00, 0x00, 0x00, 0x00,  //    +@@.         
    0x00, 0x00, 0x00, 0xc5, 0xff, 0xed, 0x00, 0x00, 0x00, 0x00, 0x00, 0x00, 0x00, 0x00, 0x00, 0x00,  //    #@@          
    0x00, 0x00, 0x03, 0xf5, 0xff, 0xbf, 0x00, 0x00, 0x00, 0x00, 0x00, 0x00, 0x00, 0x00, 0x00, 0x00,  //    @@#          
    0x00, 0x00, 0x2d, 0xff, 0xff, 0x91, 0x00, 0x00, 0x00, 0x00, 0x00, 0x00, 0x00, 0x00, 0x00, 0x00,  //   .@@+          
    0x00, 0x00, 0x61, 0xff, 0xff, 0x63, 0x00, 0x00, 0x00, 0x00, 0x00, 0x00, 0x00, 0x00, 0x00, 0x00,  //   -@@-          
    0x00, 0x00, 0x94, 0xff, 0xff, 0xff, 0xff, 0xff, 0xff, 0xff, 0xff, 0xff, 0xe5, 0x00, 0x00, 0x00,  //   +@@@@@@@@@%   
    0x00, 0x00, 0xc8, 0xff, 0xff, 0xff, 0xff, 0xff, 0xff, 0xff, 0xff, 0xff, 0xb1, 0x00, 0x00, 0x00,  //   #@@@@@@@@@*   
    0x00, 0x04, 0xf7, 0xff, 0xc4, 0x00, 0x00, 0x00, 0x00, 0x00, 0x00, 0x00, 0x00, 0x00, 0x00, 0x00,  //   @@#           
    0x00, 0x30, 0xff, 0xff, 0x8d, 0x00, 0x00, 0x00, 0x00, 0x00, 0x00, 0x00, 0x00, 0x00, 0x00, 0x00,  //  .@@+           
    0x00, 0x64, 0xff, 0xff, 0x57, 0x00, 0x00, 0x00, 0x00, 0x00, 0x00, 0x00, 0x00, 0x00, 0x00, 0x00,  //  -@@-           
    0x00, 0x97, 0xff, 0xff, 0x20, 0x00, 0x00, 0x00, 0x00, 0x00, 0x00, 0x00, 0x00, 0x00, 0x00, 0x00,  //  +@@.           
    0x00, 0xcb, 0xff, 0xea, 0x00, 0x00, 0x00, 0x00, 0x00, 0x00, 0x00, 0x00, 0x00, 0x00, 0x00, 0x00,  //  #@@            
    0x05, 0xf8, 0xff, 0xb3, 0x00, 0x00, 0x00, 0x00, 0x00, 0x00, 0x00, 0x00, 0x00, 0x00, 0x00, 0x00,  //  @@*            
    0x33, 0xff, 0xff, 0x7d, 0x00, 0x00, 0x00, 0x00, 0x00, 0x00, 0x00, 0x00, 0x00, 0x00, 0x00, 0x00,  // .@@=            
    0x66, 0xff, 0xff, 0x47, 0x00, 0x00, 0x00, 0x00, 0x00, 0x00, 0x00, 0x00, 0x00, 0x00, 0x00, 0x00,  // -@@:            
    // Character 'G' (71)
    0x00, 0x00, 0x00, 0x00, 0x00, 0x00, 0x06, 0x56, 0xa3, 0xda, 0xf1, 0xf8, 0xe0, 0xc4, 0x8c, 0x2f,  //        -*%@@%#+.
    0x00, 0x00, 0x00, 0x00, 0x00, 0x59, 0xe4, 0xff, 0xff, 0xff, 0xff, 0xff, 0xff, 0xff, 0xff, 0xca,  //      -%@@@@@@@@#
    0x00, 0x00, 0x00, 0x06, 0xa0, 0xff, 0xff, 0xe6, 0x7b, 0x30, 0x0e, 0x06, 0x1b, 0x4b, 0x9c, 0x7f,  //     *@@%=.  .:*=
    0x00, 0x00, 0x02, 0xab, 0xff, 0xff, 0x9d, 0x0a, 0x00, 0x00, 0x00, 0x00, 0x00, 0x00, 0x00, 0x00,  //    *@@*         
    0x00, 0x00, 0x7a, 0xff, 0xff, 0xa3, 0x01, 0x00, 0x00, 0x00, 0x00, 0x00, 0x00, 0x00, 0x00, 0x00,  //   =@@*          
    0x00, 0x24, 0xfa, 0xff, 0xc8, 0x06, 0x00, 0x00, 0x00, 0x00, 0x00, 0x00, 0x00, 0x00, 0x00, 0x00,  //  .@@#           
    0x00, 0xa5, 0xff, 0xff, 0x3e, 0x00, 0x00, 0x00, 0x00, 0x00, 0x00, 0x00, 0x00, 0x00, 0x00, 0x00,  //  *@@:           
    0x16, 0xfa, 0xff, 0xbd, 0x00, 0x00, 0x00, 0x00, 0x00, 0x00, 0x00, 0x00, 0x00, 0x00, 0x00, 0x00,  //  @@#            
    0x64, 0xff, 0xff, 0x67, 0x00, 0x00, 0x00, 0x23, 0xff, 0xff, 0xff, 0xff, 0xff, 0xff, 0x5a, 0x00,  // -@@-   .@@@@@@- 
    0xa3, 0xff, 0xff, 0x21, 0x00, 0x00, 0x00, 0x56, 0xff, 0xff, 0xff, 0xff, 0xff, 0xff, 0x27, 0x00,  // *@@.   -@@@@@@. 
    0xcd, 0xff, 0xf0, 0x00, 0x00, 0x00, 0x00, 0x00, 0x00, 0x00, 0x00, 0xa5, 0xff, 0xf2, 0x01, 0x00,  // #@@        *@@  
    0xe5, 0xff, 0xd9, 0x00, 0x00, 0x00, 0x00, 0x00, 0x00, 0x00, 0x00, 0xd5, 0xff, 0xc1, 0x00, 0x00,  // %@%        %@#  
    0xeb, 0xff, 0xcd, 0x00, 0x00, 0x00, 0x00, 0x00, 0x00, 0x00, 0x08, 0xfc, 0xff, 0x8f, 0x00, 0x00,  // @@#        @@+  
    0xd9, 0xff, 0xe5, 0x00, 0x00, 0x00, 0x00, 0x00, 0x00, 0x00, 0x35, 0xff, 0xff, 0x5c, 0x00, 0x00,  // %@%       :@@-  
    0xaa, 0xff, 0xff, 0x2a, 0x00, 0x00, 0x00, 0x00, 0x00, 0x00, 0x65, 0xff, 0xff, 0x29, 0x00, 0x00,  // *@@.      -@@.  
    0x55, 0xff, 0xff, 0xb8, 0x04, 0x00, 0x00, 0x00, 0x00, 0x00, 0x95, 0xff, 0xf4, 0x02, 0x00, 0x00,  // -@@#      +@@   
    0x01, 0xc4, 0xff, 0xff, 0xc9, 0x50, 0x16, 0x03, 0x0f, 0x39, 0xd5, 0xff, 0xc3, 0x00, 0x00, 0x00,  //  #@@#-   :%@#   
    0x00, 0x15, 0xc2, 0xff, 0xff, 0xff, 0xff, 0xff, 0xff, 0xff, 0xff, 0xff, 0x89, 0x00, 0x00, 0x00,  //   #@@@@@@@@@+   
    0x00, 0x00, 0x02, 0x53, 0xac, 0xe0, 0xf7, 0xf9, 0xe6, 0xbe, 0x83, 0x36, 0x00, 0x00, 0x00, 0x00,  //    -*%@@%#+:    
    // Character 'H' (72)
    0x00, 0x00, 0x00, 0x26, 0xff, 0xff, 0x79, 0x00, 0x00, 0x00, 0x00, 0x00, 0x00, 0x00, 0x7e, 0xff, 0xff, 0x21,  //    .@@=       =@@.
    0x00, 0x00, 0x00, 0x5a, 0xff, 0xff, 0x45, 0x00, 0x00, 0x00, 0x00, 0x00, 0x00, 0x00, 0xb2, 0xff, 0xed, 0x00,  //    -@@:       *@@ 
    0x00, 0x00, 0x00, 0x8d, 0xff, 0xff, 0x12, 0x00, 0x00, 0x00, 0x00, 0x00, 0x00, 0x00, 0xe5, 0xff, 0xb9, 0x00,  //    +@@        %@# 
    0x00, 0x00, 0x00, 0xc1, 0xff, 0xdd, 0x00, 0x00, 0x00, 0x00, 0x00, 0x00, 0x00, 0x18, 0xff, 0xff, 0x85, 0x00,  //    #@%        @@+ 
    0x00, 0x00, 0x01, 0xf2, 0xff, 0xa9, 0x00, 0x00, 0x00, 0x00, 0x00, 0x00, 0x00, 0x4c, 0xff, 0xff, 0x51, 0x00,  //    @@*       :@@- 
    0x00, 0x00, 0x28, 0xff, 0xff, 0x75, 0x00, 0x00, 0x00, 0x00, 0x00, 0x00, 0x00, 0x80, 0xff, 0xff, 0x1d, 0x00,  //   .@@=       =@@. 
    0x00, 0x00, 0x5c, 0xff, 0xff, 0x41, 0x00, 0x00, 0x00, 0x00, 0x00, 0x00, 0x00, 0xb3, 0xff, 0xe9, 0x00, 0x00,  //   -@@:       *@%  
    0x00, 0x00, 0x8f, 0xff, 0xfe, 0x0f, 0x00, 0x00, 0x00, 0x00, 0x00, 0x00, 0x00, 0xe6, 0xff, 0xb5, 0x00, 0x00,  //   +@@        %@*  
    0x00, 0x00, 0xc3, 0xff, 0xff, 0xff, 0xff, 0xff, 0xff, 0xff, 0xff, 0xff, 0xff, 0xff, 0xff, 0x81, 0x00, 0x00,  //   #@@@@@@@@@@@@=  
    0x00, 0x02, 0xf3, 0xff, 0xff, 0xff, 0xff, 0xff, 0xff, 0xff, 0xff, 0xff, 0xff, 0xff, 0xff, 0x4d, 0x00, 0x00,  //   @@@@@@@@@@@@@:  
    0x00, 0x2a, 0xff, 0xff, 0x66, 0x00, 0x00, 0x00, 0x00, 0x00, 0x00, 0x00, 0x8e, 0xff, 0xff, 0x19, 0x00, 0x00,  //  .@@-       +@@   
    0x00, 0x5d, 0xff, 0xff, 0x33, 0x00, 0x00, 0x00, 0x00, 0x00, 0x00, 0x00, 0xc0, 0xff, 0xe5, 0x00, 0x00, 0x00,  //  -@@.       #@%   
    0x00, 0x91, 0xff, 0xfa, 0x06, 0x00, 0x00, 0x00, 0x00, 0x00, 0x00, 0x01, 0xf1, 0xff, 0xb1, 0x00, 0x00, 0x00,  //  +@@        @@*   
    0x00, 0xc5, 0xff, 0xce, 0x00, 0x00, 0x00, 0x00, 0x00, 0x00, 0x00, 0x26, 0xff, 0xff, 0x7d, 0x00, 0x00, 0x00,  //  #@#       .@@=   
    0x03, 0xf5, 0xff, 0x9b, 0x00, 0x00, 0x00, 0x00, 0x00, 0x00, 0x00, 0x58, 0xff, 0xff, 0x49, 0x00, 0x00, 0x00,  //  @@+       -@@:   
    0x2c, 0xff, 0xff, 0x68, 0x00, 0x00, 0x00, 0x00, 0x00, 0x00, 0x00, 0x8b, 0xff, 0xff, 0x15, 0x00, 0x00, 0x00,  // .@@=       +@@    
    0x5f, 0xff, 0xff, 0x36, 0x00, 0x00, 0x00, 0x00, 0x00, 0x00, 0x00, 0xbe, 0xff, 0xe1, 0x00, 0x00, 0x00, 0x00,  // -@@:       #@%    
    0x93, 0xff, 0xfb, 0x08, 0x00, 0x00, 0x00, 0x00, 0x00, 0x00, 0x00, 0xef, 0xff, 0xad, 0x00, 0x00, 0x00, 0x00,  // +@@        @@*    
    0xc6, 0xff, 0xd1, 0x00, 0x00, 0x00, 0x00, 0x00, 0x00, 0x00, 0x23, 0xff, 0xff, 0x79, 0x00, 0x00, 0x00, 0x00,  // #@%       .@@=    
    // Character 'I' (73)
    0x00, 0x00, 0x00, 0x42, 0xff, 0xff, 0xff, 0xff, 0xff, 0xff, 0xff, 0xff, 0xff, 0xff, 0xff, 0x32,  //    :@@@@@@@@@@@.
    0x00, 0x00, 0x00, 0x7b, 0xff, 0xff, 0xff, 0xff, 0xff, 0xff, 0xff, 0xff, 0xff, 0xff, 0xf4, 0x04,  //    =@@@@@@@@@@@ 
    0x00, 0x00, 0x00, 0x00, 0x00, 0x00, 0x00, 0x4a, 0xff, 0xff, 0x5a, 0x00, 0x00, 0x00, 0x00, 0x00,  //        :@@-     
    0x00, 0x00, 0x00, 0x00, 0x00, 0x00, 0x00, 0x7c, 0xff, 0xff, 0x29, 0x00, 0x00, 0x00, 0x00, 0x00,  //        =@@.     
    0x00, 0x00, 0x00, 0x00, 0x00, 0x00, 0x00, 0xae, 0xff, 0xf4, 0x02, 0x00, 0x00, 0x00, 0x00, 0x00,  //        *@@      
    0x00, 0x00, 0x00, 0x00, 0x00, 0x00, 0x00, 0xe0, 0xff, 0xc5, 0x00, 0x00, 0x00, 0x00, 0x00, 0x00,  //        %@#      
    0x00, 0x00, 0x00, 0x00, 0x00, 0x00, 0x12, 0xff, 0xff, 0x93, 0x00, 0x00, 0x00, 0x00, 0x00, 0x00,  //        @@+      
    0x00, 0x00, 0x00, 0x00, 0x00, 0x00, 0x44, 0xff, 0xff, 0x61, 0x00, 0x00, 0x00, 0x00, 0x00, 0x00,  //       :@@-      
    0x00, 0x00, 0x00, 0x00, 0x00, 0x00, 0x76, 0xff, 0xff, 0x2f, 0x00, 0x00, 0x00, 0x00, 0x00, 0x00,  //       =@@.      
    0x00, 0x00, 0x00, 0x00, 0x00, 0x00, 0xa8, 0xff, 0xf8, 0x05, 0x00, 0x00, 0x00, 0x00, 0x00, 0x00,  //       *@@       
    0x00, 0x00, 0x00, 0x00, 0x00, 0x00, 0xdb, 0xff, 0xcc, 0x00, 0x00, 0x00, 0x00, 0x00, 0x00, 0x00,  //       %@#       
    0x00, 0x00, 0x00, 0x00, 0x00, 0x0e, 0xfe, 0xff, 0x9a, 0x00, 0x00, 0x00, 0x00, 0x00, 0x00, 0x00,  //       @@+       
    0x00, 0x00, 0x00, 0x00, 0x00, 0x3f, 0xff, 0xff, 0x68, 0x00, 0x00, 0x00, 0x00, 0x00, 0x00, 0x00,  //      :@@=       
    0x00, 0x00, 0x00, 0x00, 0x00, 0x71, 0xff, 0xff, 0x36, 0x00, 0x00, 0x00, 0x00, 0x00, 0x00, 0x00,  //      =@@:       
    0x00, 0x00, 0x00, 0x00, 0x00, 0xa3, 0xff, 0xfb, 0x08, 0x00, 0x00, 0x00, 0x00, 0x00, 0x00, 0x00,  //      *@@        
    0x00, 0x00, 0x00, 0x00, 0x00, 0xd5, 0xff, 0xd2, 0x00, 0x00, 0x00, 0x00, 0x00, 0x00, 0x00, 0x00,  //      %@%        
    0x00, 0x00, 0x00, 0x00, 0x0a, 0xfc, 0xff, 0xa0, 0x00, 0x00, 0x00, 0x00, 0x00, 0x00, 0x00, 0x00,  //      @@*        
    0xa5, 0xff, 0xff, 0xff, 0xff, 0xff, 0xff, 0xff, 0xff, 0xff, 0xff, 0xd2, 0x00, 0x00, 0x00, 0x00,  // *@@@@@@@@@@%    
    0xdc, 0xff, 0xff, 0xff, 0xff, 0xff, 0xff, 0xff, 0xff, 0xff, 0xff, 0x98, 0x00, 0x00, 0x00, 0x00,  // %@@@@@@@@@@+    
    // Character 'J' (74)
    0x00, 0x00, 0x00, 0x00, 0x00, 0xde, 0xff, 0xff, 0xff, 0xff, 0xff, 0xff, 0xff, 0xff, 0xff, 0x12,  //      %@@@@@@@@@ 
    0x00, 0x00, 0x00, 0x00, 0x17, 0xff, 0xff, 0xff, 0xff, 0xff, 0xff, 0xff, 0xff, 0xff, 0xdd, 0x00,  //      @@@@@@@@@% 
    0x00, 0x00, 0x00, 0x00, 0x00, 0x00, 0x00, 0x00, 0x00, 0x00, 0x00, 0x09, 0xfc, 0xff, 0xa9, 0x00,  //             @@* 
    0x00, 0x00, 0x00, 0x00, 0x00, 0x00, 0x00, 0x00, 0x00, 0x00, 0x00, 0x39, 0xff, 0xff, 0x75, 0x00,  //            :@@= 
    0x00, 0x00, 0x00, 0x00, 0x00, 0x00, 0x00, 0x00, 0x00, 0x00, 0x00, 0x6d, 0xff, 0xff, 0x41, 0x00,  //            =@@: 
    0x00, 0x00, 0x00, 0x00, 0x00, 0x00, 0x00, 0x00, 0x00, 0x00, 0x00, 0xa0, 0xff, 0xfe, 0x0e, 0x00,  //            *@@  
    0x00, 0x00, 0x00, 0x00, 0x00, 0x00, 0x00, 0x00, 0x00, 0x00, 0x00, 0xd4, 0xff, 0xd8, 0x00, 0x00,  //            %@%  
    0x00, 0x00, 0x00, 0x00, 0x00, 0x00, 0x00, 0x00, 0x00, 0x00, 0x0a, 0xfc, 0xff, 0xa4, 0x00, 0x00,  //            @@*  
    0x00, 0x00, 0x00, 0x00, 0x00, 0x00, 0x00, 0x00, 0x00, 0x00, 0x3b, 0xff, 0xff, 0x70, 0x00, 0x00,  //           :@@=  
    0x00, 0x00, 0x00, 0x00, 0x00, 0x00, 0x00, 0x00, 0x00, 0x00, 0x6e, 0xff, 0xff, 0x3c, 0x00, 0x00,  //           =@@:  
    0x00, 0x00, 0x00, 0x00, 0x00, 0x00, 0x00, 0x00, 0x00, 0x00, 0xa2, 0xff, 0xfc, 0x0b, 0x00, 0x00,  //           *@@   
    0x00, 0x00, 0x00, 0x00, 0x00, 0x00, 0x00, 0x00, 0x00, 0x00, 0xd5, 0xff, 0xd4, 0x00, 0x00, 0x00,  //           %@%   
    0x00, 0x00, 0x00, 0x00, 0x00, 0x00, 0x00, 0x00, 0x00, 0x0b, 0xfd, 0xff, 0x9f, 0x00, 0x00, 0x00,  //           @@*   
    0x00, 0x00, 0x00, 0x00, 0x00, 0x00, 0x00, 0x00, 0x00, 0x51, 0xff, 0xff, 0x67, 0x00, 0x00, 0x00,  //          -@@-   
    0x00, 0x00, 0x00, 0x00, 0x00, 0x00, 0x00, 0x00, 0x00, 0xa8, 0xff, 0xfd, 0x1f, 0x00, 0x00, 0x00,  //          *@@.   
    0x00, 0x00, 0x00, 0x00, 0x00, 0x00, 0x00, 0x00, 0x3e, 0xfd, 0xff, 0xaa, 0x00, 0x00, 0x00, 0x00,  //         :@@*    
    0x00, 0x56, 0xcb, 0x5d, 0x1b, 0x05, 0x22, 0x77, 0xf6, 0xff, 0xe4, 0x1a, 0x00, 0x00, 0x00, 0x00,  //  -#-. .=@@%.    
    0x26, 0xf2, 0xff, 0xff, 0xff, 0xff, 0xff, 0xff, 0xff, 0xcf, 0x24, 0x00, 0x00, 0x00, 0x00, 0x00,  // .@@@@@@@@#.     
    0x0a, 0x54, 0xa6, 0xd2, 0xea, 0xfa, 0xe8, 0xb5, 0x5c, 0x04, 0x00, 0x00, 0x00, 0x00, 0x00, 0x00,  //  -*%@@%*-       
    // Character 'K' (75)
    0x00, 0x00, 0x00, 0x00, 0x7e, 0xff, 0xff, 0x22, 0x00, 0x00, 0x00, 0x00, 0x00, 0x4e, 0xfb, 0xff, 0xdc, 0x1d,  //     =@@.     -@@%.
    0x00, 0x00, 0x00, 0x00, 0xb2, 0xff, 0xf0, 0x01, 0x00, 0x00, 0x00, 0x00, 0x43, 0xf8, 0xff, 0xda, 0x1b, 0x00,  //     *@@     :@@%. 
    0x00, 0x00, 0x00, 0x00, 0xe5, 0xff, 0xc0, 0x00, 0x00, 0x00, 0x00, 0x39, 0xf4, 0xff, 0xd8, 0x1a, 0x00, 0x00,  //     %@#    :@@%.  
    0x00, 0x00, 0x00, 0x18, 0xff, 0xff, 0x8f, 0x00, 0x00, 0x00, 0x30, 0xef, 0xff, 0xd6, 0x18, 0x00, 0x00, 0x00,  //     @@+   .@@%    
    0x00, 0x00, 0x00, 0x4c, 0xff, 0xff, 0x5e, 0x00, 0x00, 0x27, 0xe9, 0xff, 0xd4, 0x16, 0x00, 0x00, 0x00, 0x00,  //    :@@-  .%@%     
    0x00, 0x00, 0x00, 0x80, 0xff, 0xff, 0x2d, 0x00, 0x1f, 0xe3, 0xff, 0xd1, 0x15, 0x00, 0x00, 0x00, 0x00, 0x00,  //    =@@. .%@%      
    0x00, 0x00, 0x00, 0xb4, 0xff, 0xf8, 0x04, 0x19, 0xdc, 0xff, 0xcf, 0x13, 0x00, 0x00, 0x00, 0x00, 0x00, 0x00,  //    *@@  %@#       
    0x00, 0x00, 0x00, 0xe7, 0xff, 0xcb, 0x13, 0xd4, 0xff, 0xcd, 0x12, 0x00, 0x00, 0x00, 0x00, 0x00, 0x00, 0x00,  //    %@# %@#        
    0x00, 0x00, 0x1b, 0xff, 0xff, 0xa8, 0xcb, 0xff, 0xca, 0x10, 0x00, 0x00, 0x00, 0x00, 0x00, 0x00, 0x00, 0x00,  //   .@@*#@#         
    0x00, 0x00, 0x4e, 0xff, 0xff, 0xe8, 0xff, 0xfd, 0x1e, 0x00, 0x00, 0x00, 0x00, 0x00, 0x00, 0x00, 0x00, 0x00,  //   -@@%@@.         
    0x00, 0x00, 0x82, 0xff, 0xff, 0x4a, 0xfd, 0xff, 0x92, 0x00, 0x00, 0x00, 0x00, 0x00, 0x00, 0x00, 0x00, 0x00,  //   +@@:@@+         
    0x00, 0x00, 0xb5, 0xff, 0xe7, 0x00, 0x9c, 0xff, 0xfc, 0x30, 0x00, 0x00, 0x00, 0x00, 0x00, 0x00, 0x00, 0x00,  //   *@% *@@.        
    0x00, 0x00, 0xe8, 0xff, 0xb3, 0x00, 0x18, 0xf3, 0xff, 0xc6, 0x01, 0x00, 0x00, 0x00, 0x00, 0x00, 0x00, 0x00,  //   %@*  @@#        
    0x00, 0x1d, 0xff, 0xff, 0x80, 0x00, 0x00, 0x7b, 0xff, 0xff, 0x63, 0x00, 0x00, 0x00, 0x00, 0x00, 0x00, 0x00,  //  .@@=  =@@-       
    0x00, 0x50, 0xff, 0xff, 0x4c, 0x00, 0x00, 0x08, 0xe1, 0xff, 0xeb, 0x12, 0x00, 0x00, 0x00, 0x00, 0x00, 0x00,  //  -@@:   %@@       
    0x00, 0x84, 0xff, 0xff, 0x18, 0x00, 0x00, 0x00, 0x5a, 0xff, 0xff, 0x99, 0x00, 0x00, 0x00, 0x00, 0x00, 0x00,  //  +@@    -@@+      
    0x00, 0xb7, 0xff, 0xe5, 0x00, 0x00, 0x00, 0x00, 0x01, 0xc8, 0xff, 0xfd, 0x36, 0x00, 0x00, 0x00, 0x00, 0x00,  //  #@%     #@@:     
    0x00, 0xea, 0xff, 0xb1, 0x00, 0x00, 0x00, 0x00, 0x00, 0x3a, 0xff, 0xff, 0xcc, 0x02, 0x00, 0x00, 0x00, 0x00,  //  @@*     :@@#     
    0x1e, 0xff, 0xff, 0x7d, 0x00, 0x00, 0x00, 0x00, 0x00, 0x00, 0xa8, 0xff, 0xff, 0x6a, 0x00, 0x00, 0x00, 0x00,  // .@@=      *@@=    
    // Character 'L' (76)
    0x00, 0x00, 0x00, 0x00, 0x5a, 0xff, 0xff, 0x49, 0x00, 0x00, 0x00, 0x00, 0x00,  //     -@@:     
    0x00, 0x00, 0x00, 0x00, 0x8e, 0xff, 0xff, 0x17, 0x00, 0x00, 0x00, 0x00, 0x00,  //     +@@      
    0x00, 0x00, 0x00, 0x00, 0xc1, 0xff, 0xe3, 0x00, 0x00, 0x00, 0x00, 0x00, 0x00,  //     #@%      
    0x00, 0x00, 0x00, 0x02, 0xf2, 0xff, 0xb0, 0x00, 0x00, 0x00, 0x00, 0x00, 0x00,  //     @@*      
    0x00, 0x00, 0x00, 0x28, 0xff, 0xff, 0x7d, 0x00, 0x00, 0x00, 0x00, 0x00, 0x00,  //    .@@=      
    0x00, 0x00, 0x00, 0x5c, 0xff, 0xff, 0x4a, 0x00, 0x00, 0x00, 0x00, 0x00, 0x00,  //    -@@:      
    0x00, 0x00, 0x00, 0x90, 0xff, 0xff, 0x17, 0x00, 0x00, 0x00, 0x00, 0x00, 0x00,  //    +@@       
    0x00, 0x00, 0x00, 0xc3, 0xff, 0xe4, 0x00, 0x00, 0x00, 0x00, 0x00, 0x00, 0x00,  //    #@%       
    0x00, 0x00, 0x02, 0xf3, 0xff, 0xb1, 0x00, 0x00, 0x00, 0x00, 0x00, 0x00, 0x00,  //    @@*       
    0x00, 0x00, 0x2a, 0xff, 0xff, 0x7e, 0x00, 0x00, 0x00, 0x00, 0x00, 0x00, 0x00,  //   .@@=       
    0x00, 0x00, 0x5e, 0xff, 0xff, 0x4b, 0x00, 0x00, 0x00, 0x00, 0x00, 0x00, 0x00,  //   -@@:       
    0x00, 0x00, 0x91, 0xff, 0xff, 0x18, 0x00, 0x00, 0x00, 0x00, 0x00, 0x00, 0x00,  //   +@@        
    0x00, 0x00, 0xc5, 0xff, 0xe5, 0x00, 0x00, 0x00, 0x00, 0x00, 0x00, 0x00, 0x00,  //   #@%        
    0x00, 0x03, 0xf5, 0xff, 0xb2, 0x00, 0x00, 0x00, 0x00, 0x00, 0x00, 0x00, 0x00,  //   @@*        
    0x00, 0x2c, 0xff, 0xff, 0x7f, 0x00, 0x00, 0x00, 0x00, 0x00, 0x00, 0x00, 0x00,  //  .@@=        
    0x00, 0x60, 0xff, 0xff, 0x4c, 0x00, 0x00, 0x00, 0x00, 0x00, 0x00, 0x00, 0x00,  //  -@@:        
    0x00, 0x93, 0xff, 0xff, 0x19, 0x00, 0x00, 0x00, 0x00, 0x00, 0x00, 0x00, 0x00,  //  +@@         
    0x00, 0xc7, 0xff, 0xff, 0xff, 0xff, 0xff, 0xff, 0xff, 0xff, 0xff, 0xff, 0x43,  //  #@@@@@@@@@@:
    0x03, 0xf6, 0xff, 0xff, 0xff, 0xff, 0xff, 0xff, 0xff, 0xff, 0xff, 0xfd, 0x0d,  //  @@@@@@@@@@@ 
    // Character 'M' (77)
    0x00, 0x00, 0x00, 0x00, 0x25, 0xff, 0xff, 0xfd, 0x08, 0x00, 0x00, 0x00, 0x00, 0x00, 0x62, 0xff, 0xff, 0xff, 0x1f,  //     .@@@      -@@@.
    0x00, 0x00, 0x00, 0x00, 0x65, 0xff, 0xff, 0xff, 0x2d, 0x00, 0x00, 0x00, 0x00, 0x09, 0xe3, 0xff, 0xff, 0xf6, 0x01,  //     -@@@.     %@@@ 
    0x00, 0x00, 0x00, 0x00, 0xa5, 0xff, 0xfa, 0xff, 0x53, 0x00, 0x00, 0x00, 0x00, 0x78, 0xff, 0xf7, 0xff, 0xd1, 0x00,  //     *@@@-    =@@@% 
    0x00, 0x00, 0x00, 0x00, 0xe4, 0xff, 0xb3, 0xff, 0x79, 0x00, 0x00, 0x00, 0x12, 0xf0, 0xdf, 0xae, 0xff, 0xa9, 0x00,  //     %@*@=    @%*@* 
    0x00, 0x00, 0x00, 0x25, 0xff, 0xef, 0x69, 0xff, 0xa0, 0x00, 0x00, 0x00, 0x8e, 0xff, 0x44, 0xc7, 0xff, 0x82, 0x00,  //    .@@=@*   +@:#@+ 
    0x00, 0x00, 0x00, 0x66, 0xff, 0xb6, 0x44, 0xff, 0xc6, 0x00, 0x00, 0x20, 0xf8, 0xb0, 0x00, 0xeb, 0xff, 0x5b, 0x00,  //    -@#:@#  .@* @@- 
    0x00, 0x00, 0x00, 0xa6, 0xff, 0x7a, 0x1c, 0xff, 0xec, 0x00, 0x00, 0xa4, 0xfd, 0x2c, 0x0e, 0xff, 0xff, 0x33, 0x00,  //    *@=.@@  *@. @@. 
    0x00, 0x00, 0x00, 0xe5, 0xff, 0x40, 0x00, 0xf3, 0xff, 0x12, 0x30, 0xfe, 0xa2, 0x00, 0x32, 0xff, 0xff, 0x0d, 0x00,  //    %@: @@ .@* .@@  
    0x00, 0x00, 0x26, 0xff, 0xfc, 0x0b, 0x00, 0xcb, 0xff, 0x34, 0xb4, 0xfa, 0x21, 0x00, 0x5a, 0xff, 0xe5, 0x00, 0x00,  //   .@@  #@:*@. -@%  
    0x00, 0x00, 0x66, 0xff, 0xce, 0x00, 0x00, 0xa2, 0xff, 0x8c, 0xff, 0x94, 0x00, 0x00, 0x89, 0xff, 0xbd, 0x00, 0x00,  //   -@#  *@+@+  +@#  
    0x00, 0x00, 0xa7, 0xff, 0x95, 0x00, 0x00, 0x7a, 0xff, 0xfc, 0xf5, 0x18, 0x00, 0x00, 0xb8, 0xff, 0x96, 0x00, 0x00,  //   *@+  =@@@   #@+  
    0x00, 0x00, 0xe6, 0xff, 0x5b, 0x00, 0x00, 0x51, 0xff, 0xff, 0x86, 0x00, 0x00, 0x00, 0xe7, 0xff, 0x6e, 0x00, 0x00,  //   %@-  -@@+   %@=  
    0x00, 0x27, 0xff, 0xff, 0x22, 0x00, 0x00, 0x28, 0xff, 0xef, 0x10, 0x00, 0x00, 0x15, 0xff, 0xff, 0x47, 0x00, 0x00,  //  .@@.  .@@    @@:  
    0x00, 0x67, 0xff, 0xe9, 0x00, 0x00, 0x00, 0x00, 0x00, 0x00, 0x00, 0x00, 0x00, 0x44, 0xff, 0xff, 0x20, 0x00, 0x00,  //  -@%         :@@.  
    0x00, 0xa7, 0xff, 0xb0, 0x00, 0x00, 0x00, 0x00, 0x00, 0x00, 0x00, 0x00, 0x00, 0x72, 0xff, 0xf6, 0x01, 0x00, 0x00,  //  *@*         =@@   
    0x00, 0xe7, 0xff, 0x77, 0x00, 0x00, 0x00, 0x00, 0x00, 0x00, 0x00, 0x00, 0x00, 0xa1, 0xff, 0xd1, 0x00, 0x00, 0x00,  //  %@=         *@%   
    0x28, 0xff, 0xff, 0x3e, 0x00, 0x00, 0x00, 0x00, 0x00, 0x00, 0x00, 0x00, 0x00, 0xd0, 0xff, 0xaa, 0x00, 0x00, 0x00,  // .@@:         %@*   
    0x68, 0xff, 0xfb, 0x0a, 0x00, 0x00, 0x00, 0x00, 0x00, 0x00, 0x00, 0x00, 0x05, 0xf9, 0xff, 0x82, 0x00, 0x00, 0x00,  // =@@          @@+   
    0xa8, 0xff, 0xcc, 0x00, 0x00, 0x00, 0x00, 0x00, 0x00, 0x00, 0x00, 0x00, 0x2d, 0xff, 0xff, 0x5b, 0x00, 0x00, 0x00,  // *@#         .@@-   
    // Character 'N' (78)
    0x00, 0x00, 0x00, 0x03, 0xf6, 0xff, 0xff, 0x82, 0x00, 0x00, 0x00, 0x00, 0x00, 0x00, 0x82, 0xff, 0xe9, 0x00,  //     @@@+      +@% 
    0x00, 0x00, 0x00, 0x2e, 0xff, 0xff, 0xff, 0xc7, 0x00, 0x00, 0x00, 0x00, 0x00, 0x00, 0xb6, 0xff, 0xb6, 0x00,  //    .@@@#      #@# 
    0x00, 0x00, 0x00, 0x62, 0xff, 0xff, 0xff, 0xfc, 0x10, 0x00, 0x00, 0x00, 0x00, 0x00, 0xe9, 0xff, 0x82, 0x00,  //    -@@@@      %@+ 
    0x00, 0x00, 0x00, 0x96, 0xff, 0xe8, 0xff, 0xff, 0x51, 0x00, 0x00, 0x00, 0x00, 0x1e, 0xff, 0xff, 0x4f, 0x00,  //    +@%@@-    .@@- 
    0x00, 0x00, 0x00, 0xc9, 0xff, 0xa0, 0xe0, 0xff, 0x96, 0x00, 0x00, 0x00, 0x00, 0x52, 0xff, 0xff, 0x1b, 0x00,  //    #@*%@+    -@@. 
    0x00, 0x00, 0x05, 0xf7, 0xff, 0x6c, 0xa5, 0xff, 0xdc, 0x00, 0x00, 0x00, 0x00, 0x85, 0xff, 0xe8, 0x00, 0x00,  //    @@=*@%    +@%  
    0x00, 0x00, 0x31, 0xff, 0xff, 0x39, 0x6b, 0xff, 0xff, 0x21, 0x00, 0x00, 0x00, 0xba, 0xff, 0xb4, 0x00, 0x00,  //   .@@:=@@.   #@*  
    0x00, 0x00, 0x65, 0xff, 0xfc, 0x0a, 0x2c, 0xff, 0xff, 0x66, 0x00, 0x00, 0x00, 0xed, 0xff, 0x80, 0x00, 0x00,  //   -@@ .@@-   @@=  
    0x00, 0x00, 0x99, 0xff, 0xd2, 0x00, 0x00, 0xe6, 0xff, 0xab, 0x00, 0x00, 0x22, 0xff, 0xff, 0x4d, 0x00, 0x00,  //   +@%  %@*  .@@:  
    0x00, 0x00, 0xcc, 0xff, 0x9f, 0x00, 0x00, 0xa3, 0xff, 0xee, 0x02, 0x00, 0x56, 0xff, 0xff, 0x19, 0x00, 0x00,  //   #@*  *@@  -@@   
    0x00, 0x06, 0xf9, 0xff, 0x6c, 0x00, 0x00, 0x5e, 0xff, 0xff, 0x35, 0x00, 0x8a, 0xff, 0xe6, 0x00, 0x00, 0x00,  //   @@=  -@@: +@%   
    0x00, 0x34, 0xff, 0xff, 0x38, 0x00, 0x00, 0x19, 0xff, 0xff, 0x78, 0x00, 0xbe, 0xff, 0xb2, 0x00, 0x00, 0x00,  //  :@@:   @@= #@*   
    0x00, 0x68, 0xff, 0xfc, 0x09, 0x00, 0x00, 0x00, 0xd4, 0xff, 0xb5, 0x01, 0xf0, 0xff, 0x7f, 0x00, 0x00, 0x00,  //  =@@    %@* @@=   
    0x00, 0x9c, 0xff, 0xd1, 0x00, 0x00, 0x00, 0x00, 0x8f, 0xff, 0xf0, 0x27, 0xff, 0xff, 0x4b, 0x00, 0x00, 0x00,  //  *@%    +@@.@@:   
    0x00, 0xcf, 0xff, 0x9d, 0x00, 0x00, 0x00, 0x00, 0x4a, 0xff, 0xff, 0x88, 0xff, 0xff, 0x17, 0x00, 0x00, 0x00,  //  #@*    :@@+@@    
    0x07, 0xfa, 0xff, 0x69, 0x00, 0x00, 0x00, 0x00, 0x0b, 0xf9, 0xff, 0xee, 0xff, 0xe4, 0x00, 0x00, 0x00, 0x00,  //  @@=     @@@@%    
    0x37, 0xff, 0xff, 0x35, 0x00, 0x00, 0x00, 0x00, 0x00, 0xc0, 0xff, 0xff, 0xff, 0xb0, 0x00, 0x00, 0x00, 0x00,  // :@@:     #@@@*    
    0x6b, 0xff, 0xfa, 0x07, 0x00, 0x00, 0x00, 0x00, 0x00, 0x7b, 0xff, 0xff, 0xff, 0x7d, 0x00, 0x00, 0x00, 0x00,  // =@@      =@@@=    
    0x9e, 0xff, 0xcd, 0x00, 0x00, 0x00, 0x00, 0x00, 0x00, 0x36, 0xff, 0xff, 0xff, 0x49, 0x00, 0x00, 0x00, 0x00,  // *@#      :@@@:    
    // Character 'O' (79)
    0x00, 0x00, 0x00, 0x00, 0x00, 0x00, 0x04, 0x5d, 0xb2, 0xe5, 0xf9, 0xee, 0xc4, 0x6c, 0x06, 0x00, 0x00,  //        -*%@@#=   
    0x00, 0x00, 0x00, 0x00, 0x00, 0x36, 0xda, 0xff, 0xff, 0xff, 0xff, 0xff, 0xff, 0xff, 0xc5, 0x0c, 0x00,  //      :%@@@@@@@#  
    0x00, 0x00, 0x00, 0x00, 0x4d, 0xf9, 0xff, 0xea, 0x6b, 0x1b, 0x07, 0x30, 0xc7, 0xff, 0xff, 0x97, 0x00,  //     :@@@=. .#@@+ 
    0x00, 0x00, 0x00, 0x30, 0xf8, 0xff, 0xd3, 0x18, 0x00, 0x00, 0x00, 0x00, 0x07, 0xdf, 0xff, 0xf8, 0x12,  //    .@@%      %@@ 
    0x00, 0x00, 0x04, 0xd6, 0xff, 0xf5, 0x23, 0x00, 0x00, 0x00, 0x00, 0x00, 0x00, 0x76, 0xff, 0xff, 0x4c,  //    %@@.      =@@:
    0x00, 0x00, 0x69, 0xff, 0xff, 0x73, 0x00, 0x00, 0x00, 0x00, 0x00, 0x00, 0x00, 0x4c, 0xff, 0xff, 0x6b,  //   =@@=       :@@=
    0x00, 0x01, 0xdb, 0xff, 0xeb, 0x06, 0x00, 0x00, 0x00, 0x00, 0x00, 0x00, 0x00, 0x3a, 0xff, 0xff, 0x73,  //   %@@        :@@=
    0x00, 0x3c, 0xff, 0xff, 0x8f, 0x00, 0x00, 0x00, 0x00, 0x00, 0x00, 0x00, 0x00, 0x4d, 0xff, 0xff, 0x67,  //  :@@+        :@@-
    0x00, 0x89, 0xff, 0xff, 0x38, 0x00, 0x00, 0x00, 0x00, 0x00, 0x00, 0x00, 0x00, 0x68, 0xff, 0xff, 0x4a,  //  +@@:        =@@:
    0x00, 0xc4, 0xff, 0xf8, 0x06, 0x00, 0x00, 0x00, 0x00, 0x00, 0x00, 0x00, 0x00, 0xa0, 0xff, 0xff, 0x20,  //  #@@         *@@.
    0x00, 0xef, 0xff, 0xc8, 0x00, 0x00, 0x00, 0x00, 0x00, 0x00, 0x00, 0x00, 0x00, 0xda, 0xff, 0xe6, 0x00,  //  @@#         %@% 
    0x0b, 0xff, 0xff, 0xac, 0x00, 0x00, 0x00, 0x00, 0x00, 0x00, 0x00, 0x00, 0x32, 0xff, 0xff, 0x98, 0x00,  //  @@*        .@@+ 
    0x18, 0xff, 0xff, 0x9a, 0x00, 0x00, 0x00, 0x00, 0x00, 0x00, 0x00, 0x00, 0x95, 0xff, 0xff, 0x3a, 0x00,  //  @@+        +@@: 
    0x11, 0xff, 0xff, 0xa9, 0x00, 0x00, 0x00, 0x00, 0x00, 0x00, 0x00, 0x1f, 0xf4, 0xff, 0xc7, 0x00, 0x00,  //  @@*       .@@#  
    0x01, 0xf1, 0xff, 0xd1, 0x00, 0x00, 0x00, 0x00, 0x00, 0x00, 0x00, 0xb7, 0xff, 0xfe, 0x3c, 0x00, 0x00,  //  @@%       #@@:  
    0x00, 0xb1, 0xff, 0xff, 0x40, 0x00, 0x00, 0x00, 0x00, 0x00, 0x86, 0xff, 0xff, 0x8a, 0x00, 0x00, 0x00,  //  *@@:     +@@+   
    0x00, 0x40, 0xfe, 0xff, 0xef, 0x57, 0x0d, 0x0d, 0x42, 0xbc, 0xff, 0xff, 0xa5, 0x03, 0x00, 0x00, 0x00,  //  :@@@-  :#@@*    
    0x00, 0x00, 0x7b, 0xff, 0xff, 0xff, 0xff, 0xff, 0xff, 0xff, 0xf8, 0x79, 0x02, 0x00, 0x00, 0x00, 0x00,  //   =@@@@@@@@=     
    0x00, 0x00, 0x00, 0x40, 0xac, 0xe6, 0xfa, 0xf0, 0xcd, 0x85, 0x1b, 0x00, 0x00, 0x00, 0x00, 0x00, 0x00,  //    :*%@@#+.      
    // Character 'P' (80)
    0x00, 0x00, 0x00, 0x00, 0x76, 0xff, 0xff, 0xff, 0xff, 0xff, 0xf7, 0xdf, 0xab, 0x52, 0x01, 0x00, 0x00,  //     =@@@@@@%*-   
    0x00, 0x00, 0x00, 0x00, 0xaa, 0xff, 0xff, 0xff, 0xff, 0xff, 0xff, 0xff, 0xff, 0xff, 0xbb, 0x0d, 0x00,  //     *@@@@@@@@@#  
    0x00, 0x00, 0x00, 0x00, 0xdd, 0xff, 0xb6, 0x00, 0x00, 0x02, 0x1a, 0x4e, 0xcd, 0xff, 0xff, 0x9a, 0x00,  //     %@#   .-#@@+ 
    0x00, 0x00, 0x00, 0x11, 0xff, 0xff, 0x84, 0x00, 0x00, 0x00, 0x00, 0x00, 0x11, 0xe6, 0xff, 0xf7, 0x06,  //     @@+      %@@ 
    0x00, 0x00, 0x00, 0x44, 0xff, 0xff, 0x52, 0x00, 0x00, 0x00, 0x00, 0x00, 0x00, 0xa8, 0xff, 0xff, 0x1b,  //    :@@-      *@@.
    0x00, 0x00, 0x00, 0x78, 0xff, 0xff, 0x20, 0x00, 0x00, 0x00, 0x00, 0x00, 0x00, 0xaa, 0xff, 0xfd, 0x06,  //    =@@.      *@@ 
    0x00, 0x00, 0x00, 0xac, 0xff, 0xed, 0x00, 0x00, 0x00, 0x00, 0x00, 0x00, 0x01, 0xe4, 0xff, 0xd1, 0x00,  //    *@@       %@% 
    0x00, 0x00, 0x00, 0xdf, 0xff, 0xbc, 0x00, 0x00, 0x00, 0x00, 0x00, 0x00, 0x5b, 0xff, 0xff, 0x67, 0x00,  //    %@#      -@@- 
    0x00, 0x00, 0x13, 0xff, 0xff, 0x8a, 0x00, 0x00, 0x00, 0x00, 0x00, 0x3b, 0xee, 0xff, 0xcb, 0x07, 0x00,  //    @@+     :@@#  
    0x00, 0x00, 0x46, 0xff, 0xff, 0x58, 0x00, 0x01, 0x0e, 0x3b, 0x9d, 0xf9, 0xff, 0xdf, 0x1c, 0x00, 0x00,  //   :@@-   :*@@%.  
    0x00, 0x00, 0x7a, 0xff, 0xff, 0xff, 0xff, 0xff, 0xff, 0xff, 0xff, 0xff, 0xa8, 0x0f, 0x00, 0x00, 0x00,  //   =@@@@@@@@@*    
    0x00, 0x00, 0xad, 0xff, 0xff, 0xff, 0xff, 0xfc, 0xee, 0xcb, 0x84, 0x25, 0x00, 0x00, 0x00, 0x00, 0x00,  //   *@@@@@@#+.     
    0x00, 0x00, 0xe1, 0xff, 0xb5, 0x00, 0x00, 0x00, 0x00, 0x00, 0x00, 0x00, 0x00, 0x00, 0x00, 0x00, 0x00,  //   %@*            
    0x00, 0x14, 0xff, 0xff, 0x82, 0x00, 0x00, 0x00, 0x00, 0x00, 0x00, 0x00, 0x00, 0x00, 0x00, 0x00, 0x00,  //   @@+            
    0x00, 0x48, 0xff, 0xff, 0x4f, 0x00, 0x00, 0x00, 0x00, 0x00, 0x00, 0x00, 0x00, 0x00, 0x00, 0x00, 0x00,  //  :@@-            
    0x00, 0x7c, 0xff, 0xff, 0x1b, 0x00, 0x00, 0x00, 0x00, 0x00, 0x00, 0x00, 0x00, 0x00, 0x00, 0x00, 0x00,  //  =@@.            
    0x00, 0xaf, 0xff, 0xe8, 0x00, 0x00, 0x00, 0x00, 0x00, 0x00, 0x00, 0x00, 0x00, 0x00, 0x00, 0x00, 0x00,  //  *@%             
    0x00, 0xe3, 0xff, 0xb4, 0x00, 0x00, 0x00, 0x00, 0x00, 0x00, 0x00, 0x00, 0x00, 0x00, 0x00, 0x00, 0x00,  //  %@*             
    0x16, 0xff, 0xff, 0x81, 0x00, 0x00, 0x00, 0x00, 0x00, 0x00, 0x00, 0x00, 0x00, 0x00, 0x00, 0x00, 0x00,  //  @@=             
    // Character 'Q' (81)
    0x00, 0x00, 0x00, 0x00, 0x00, 0x00, 0x04, 0x5d, 0xb2, 0xe5, 0xf9, 0xee, 0xc3, 0x6a, 0x06, 0x00, 0x00,  //        -*%@@#=   
    0x00, 0x00, 0x00, 0x00, 0x00, 0x34, 0xd9, 0xff, 0xff, 0xff, 0xff, 0xff, 0xff, 0xff, 0xc2, 0x0b, 0x00,  //      :%@@@@@@@#  
    0x00, 0x00, 0x00, 0x00, 0x4a, 0xf8, 0xff, 0xea, 0x6b, 0x1b, 0x07, 0x30, 0xb9, 0xff, 0xff, 0x95, 0x00,  //     :@@@=. .#@@+ 
    0x00, 0x00, 0x00, 0x2e, 0xf7, 0xff, 0xd3, 0x18, 0x00, 0x00, 0x00, 0x00, 0x06, 0xdf, 0xff, 0xf8, 0x11,  //    .@@%      %@@ 
    0x00, 0x00, 0x03, 0xd4, 0xff, 0xf5, 0x23, 0x00, 0x00, 0x00, 0x00, 0x00, 0x00, 0x76, 0xff, 0xff, 0x4b,  //    %@@.      =@@:
    0x00, 0x00, 0x66, 0xff, 0xff, 0x73, 0x00, 0x00, 0x00, 0x00, 0x00, 0x00, 0x00, 0x4c, 0xff, 0xff, 0x6a,  //   -@@=       :@@=
    0x00, 0x01, 0xd8, 0xff, 0xeb, 0x06, 0x00, 0x00, 0x00, 0x00, 0x00, 0x00, 0x00, 0x3a, 0xff, 0xff, 0x71,  //   %@@        :@@=
    0x00, 0x39, 0xff, 0xff, 0x8f, 0x00, 0x00, 0x00, 0x00, 0x00, 0x00, 0x00, 0x00, 0x4d, 0xff, 0xff, 0x5c,  //  :@@+        :@@-
    0x00, 0x86, 0xff, 0xff, 0x38, 0x00, 0x00, 0x00, 0x00, 0x00, 0x00, 0x00, 0x00, 0x68, 0xff, 0xff, 0x47,  //  +@@:        =@@:
    0x00, 0xc1, 0xff, 0xf8, 0x06, 0x00, 0x00, 0x00, 0x00, 0x00, 0x00, 0x00, 0x00, 0xa0, 0xff, 0xff, 0x1d,  //  #@@         *@@.
    0x00, 0xed, 0xff, 0xc8, 0x00, 0x00, 0x00, 0x00, 0x00, 0x00, 0x00, 0x00, 0x00, 0xda, 0xff, 0xda, 0x00,  //  @@#         %@% 
    0x0a, 0xff, 0xff, 0xac, 0x00, 0x00, 0x00, 0x00, 0x00, 0x00, 0x00, 0x00, 0x32, 0xff, 0xff, 0x97, 0x00,  //  @@*        .@@+ 
    0x17, 0xff, 0xff, 0x9a, 0x00, 0x00, 0x00, 0x00, 0x00, 0x00, 0x00, 0x00, 0x95, 0xff, 0xff, 0x3c, 0x00,  //  @@+        +@@: 
    0x14, 0xff, 0xff, 0xa9, 0x00, 0x00, 0x00, 0x00, 0x00, 0x00, 0x00, 0x1f, 0xf4, 0xff, 0xc9, 0x00, 0x00,  //  @@*       .@@#  
    0x02, 0xf4, 0xff, 0xd1, 0x00, 0x00, 0x00, 0x00, 0x00, 0x00, 0x00, 0xb7, 0xff, 0xfc, 0x3b, 0x00, 0x00,  //  @@%       #@@:  
    0x00, 0xb9, 0xff, 0xff, 0x40, 0x00, 0x00, 0x00, 0x00, 0x00, 0x86, 0xff, 0xff, 0x77, 0x00, 0x00, 0x00,  //  #@@:     +@@=   
    0x00, 0x4e, 0xff, 0xff, 0xef, 0x57, 0x0d, 0x0d, 0x42, 0xbc, 0xff, 0xff, 0xa8, 0x01, 0x00, 0x00, 0x00,  //  -@@@-  :#@@*    
    0x00, 0x00, 0x97, 0xff, 0xff, 0xff, 0xff, 0xff, 0xff, 0xff, 0xfa, 0x83, 0x02, 0x00, 0x00, 0x00, 0x00,  //   +@@@@@@@@+     
    0x00, 0x00, 0x00, 0x5c, 0xca, 0xfd, 0xff, 0xfe, 0xd8, 0x91, 0x26, 0x00, 0x00, 0x00, 0x00, 0x00, 0x00,  //    -#@@@%+.      
    0x00, 0x00, 0x00, 0x00, 0x00, 0xba, 0xff, 0xc5, 0x00, 0x00, 0x00, 0x00, 0x00, 0x00, 0x00, 0x00, 0x00,  //      #@#         
    0x00, 0x00, 0x00, 0x00, 0x00, 0xb3, 0xff, 0xed, 0x0a, 0x00, 0x00, 0x00, 0x00, 0x00, 0x00, 0x00, 0x00,  //      *@@         
    0x00, 0x00, 0x00, 0x00, 0x00, 0x75, 0xff, 0xff, 0xad, 0x27, 0x0a, 0x2e, 0x89, 0x99, 0x00, 0x00, 0x00,  //      =@@*. .++   
    0x00, 0x00, 0x00, 0x00, 0x00, 0x0c, 0xd3, 0xff, 0xff, 0xff, 0xff, 0xff, 0xff, 0xfb, 0x26, 0x00, 0x00,  //       %@@@@@@@.  
    0x00, 0x00, 0x00, 0x00, 0x00, 0x00, 0x0e, 0x84, 0xd5, 0xf7, 0xf7, 0xd4, 0x8e, 0x26, 0x00, 0x00, 0x00,  //        +%@@%+.   
    // Character 'R' (82)
    0x00, 0x00, 0x00, 0x46, 0xff, 0xff, 0xff, 0xff, 0xff, 0xf5, 0xd9, 0x9b, 0x30, 0x00, 0x00,  //    :@@@@@@%+.  
    0x00, 0x00, 0x00, 0x7a, 0xff, 0xff, 0xff, 0xff, 0xff, 0xff, 0xff, 0xff, 0xfc, 0x5d, 0x00,  //    =@@@@@@@@@- 
    0x00, 0x00, 0x00, 0xad, 0xff, 0xe4, 0x00, 0x00, 0x04, 0x1f, 0x7d, 0xfe, 0xff, 0xf2, 0x0d,  //    *@%   .=@@@ 
    0x00, 0x00, 0x00, 0xe1, 0xff, 0xb7, 0x00, 0x00, 0x00, 0x00, 0x00, 0xa3, 0xff, 0xff, 0x45,  //    %@#     *@@:
    0x00, 0x00, 0x14, 0xff, 0xff, 0x89, 0x00, 0x00, 0x00, 0x00, 0x00, 0x71, 0xff, 0xff, 0x50,  //    @@+     =@@-
    0x00, 0x00, 0x48, 0xff, 0xff, 0x5b, 0x00, 0x00, 0x00, 0x00, 0x00, 0x87, 0xff, 0xff, 0x32,  //   :@@-     +@@.
    0x00, 0x00, 0x7c, 0xff, 0xff, 0x2e, 0x00, 0x00, 0x00, 0x00, 0x03, 0xda, 0xff, 0xe5, 0x02,  //   =@@.     %@% 
    0x00, 0x00, 0xaf, 0xff, 0xfa, 0x05, 0x00, 0x00, 0x00, 0x00, 0x8c, 0xff, 0xff, 0x69, 0x00,  //   *@@     +@@= 
    0x00, 0x00, 0xe3, 0xff, 0xd2, 0x00, 0x00, 0x11, 0x4a, 0xbc, 0xff, 0xff, 0xa2, 0x01, 0x00,  //   %@%   :#@@*  
    0x00, 0x16, 0xff, 0xff, 0xff, 0xff, 0xff, 0xff, 0xff, 0xff, 0xe6, 0x70, 0x01, 0x00, 0x00,  //   @@@@@@@@%=   
    0x00, 0x4a, 0xff, 0xff, 0xff, 0xff, 0xff, 0xff, 0xff, 0xaf, 0x04, 0x00, 0x00, 0x00, 0x00,  //  :@@@@@@@*     
    0x00, 0x7d, 0xff, 0xff, 0x30, 0x03, 0x24, 0xae, 0xff, 0xff, 0x5b, 0x00, 0x00, 0x00, 0x00,  //  =@@. .*@@-    
    0x00, 0xb1, 0xff, 0xf6, 0x04, 0x00, 0x00, 0x07, 0xe7, 0xff, 0xd6, 0x00, 0x00, 0x00, 0x00,  //  *@@    %@%    
    0x00, 0xe5, 0xff, 0xc4, 0x00, 0x00, 0x00, 0x00, 0x8b, 0xff, 0xff, 0x2b, 0x00, 0x00, 0x00,  //  %@#    +@@.   
    0x18, 0xff, 0xff, 0x8e, 0x00, 0x00, 0x00, 0x00, 0x42, 0xff, 0xff, 0x78, 0x00, 0x00, 0x00,  //  @@+    :@@=   
    0x4c, 0xff, 0xff, 0x58, 0x00, 0x00, 0x00, 0x00, 0x06, 0xf3, 0xff, 0xc5, 0x00, 0x00, 0x00,  // :@@-     @@#   
    0x7f, 0xff, 0xff, 0x22, 0x00, 0x00, 0x00, 0x00, 0x00, 0xb1, 0xff, 0xfd, 0x15, 0x00, 0x00,  // =@@.     *@@   
    0xb3, 0xff, 0xeb, 0x00, 0x00, 0x00, 0x00, 0x00, 0x00, 0x69, 0xff, 0xff, 0x5f, 0x00, 0x00,  // *@@      =@@-  
    0xe6, 0xff, 0xb6, 0x00, 0x00, 0x00, 0x00, 0x00, 0x00, 0x20, 0xff, 0xff, 0xad, 0x00, 0x00,  // %@#      .@@*  
    // Character 'S' (83)
    0x00, 0x00, 0x00, 0x00, 0x00, 0x00, 0x11, 0x6c, 0xb1, 0xe1, 0xf4, 0xf9, 0xdf, 0xac, 0x66, 0x13,  //        =*%@@%*- 
    0x00, 0x00, 0x00, 0x00, 0x00, 0x6e, 0xf3, 0xff, 0xff, 0xff, 0xff, 0xff, 0xff, 0xff, 0xff, 0x88,  //      =@@@@@@@@@+
    0x00, 0x00, 0x00, 0x00, 0x8e, 0xff, 0xff, 0xba, 0x50, 0x1a, 0x05, 0x0a, 0x2c, 0x6e, 0xc6, 0x49,  //     +@@#-.  .=#:
    0x00, 0x00, 0x00, 0x42, 0xff, 0xff, 0x93, 0x00, 0x00, 0x00, 0x00, 0x00, 0x00, 0x00, 0x00, 0x00,  //    :@@+         
    0x00, 0x00, 0x00, 0xa4, 0xff, 0xff, 0x11, 0x00, 0x00, 0x00, 0x00, 0x00, 0x00, 0x00, 0x00, 0x00,  //    *@@          
    0x00, 0x00, 0x00, 0xc5, 0xff, 0xfc, 0x05, 0x00, 0x00, 0x00, 0x00, 0x00, 0x00, 0x00, 0x00, 0x00,  //    #@@          
    0x00, 0x00, 0x00, 0xa9, 0xff, 0xff, 0x83, 0x00, 0x00, 0x00, 0x00, 0x00, 0x00, 0x00, 0x00, 0x00,  //    *@@+         
    0x00, 0x00, 0x00, 0x3a, 0xfc, 0xff, 0xff, 0xac, 0x24, 0x00, 0x00, 0x00, 0x00, 0x00, 0x00, 0x00,  //    :@@@*.       
    0x00, 0x00, 0x00, 0x00, 0x64, 0xf9, 0xff, 0xff, 0xfc, 0xa7, 0x2e, 0x00, 0x00, 0x00, 0x00, 0x00,  //     -@@@@*.     
    0x00, 0x00, 0x00, 0x00, 0x00, 0x2e, 0xba, 0xff, 0xff, 0xff, 0xfe, 0xa4, 0x10, 0x00, 0x00, 0x00,  //      .#@@@@*    
    0x00, 0x00, 0x00, 0x00, 0x00, 0x00, 0x00, 0x39, 0xae, 0xfe, 0xff, 0xff, 0xdf, 0x17, 0x00, 0x00,  //        :*@@@%   
    0x00, 0x00, 0x00, 0x00, 0x00, 0x00, 0x00, 0x00, 0x00, 0x37, 0xd8, 0xff, 0xff, 0xb2, 0x00, 0x00,  //          :%@@*  
    0x00, 0x00, 0x00, 0x00, 0x00, 0x00, 0x00, 0x00, 0x00, 0x00, 0x15, 0xe6, 0xff, 0xfe, 0x0e, 0x00,  //            %@@  
    0x00, 0x00, 0x00, 0x00, 0x00, 0x00, 0x00, 0x00, 0x00, 0x00, 0x00, 0xa8, 0xff, 0xff, 0x1a, 0x00,  //            *@@. 
    0x00, 0x00, 0x00, 0x00, 0x00, 0x00, 0x00, 0x00, 0x00, 0x00, 0x00, 0xcc, 0xff, 0xf0, 0x02, 0x00,  //            #@@  
    0x00, 0x00, 0x00, 0x00, 0x00, 0x00, 0x00, 0x00, 0x00, 0x00, 0x5d, 0xff, 0xff, 0x8f, 0x00, 0x00,  //           -@@+  
    0x6b, 0xb2, 0x67, 0x33, 0x13, 0x06, 0x04, 0x16, 0x46, 0xa4, 0xfe, 0xff, 0xcf, 0x0c, 0x00, 0x00,  // =*-.    :*@@#   
    0xad, 0xff, 0xff, 0xff, 0xff, 0xff, 0xff, 0xff, 0xff, 0xff, 0xfd, 0x9d, 0x0e, 0x00, 0x00, 0x00,  // *@@@@@@@@@@*    
    0x1d, 0x6f, 0xab, 0xd5, 0xf1, 0xfc, 0xf4, 0xe2, 0xb8, 0x7c, 0x22, 0x00, 0x00, 0x00, 0x00, 0x00,  // .=*%@@@%#=.     
    // Character 'T' (84)
    0x82, 0xff, 0xff, 0xff, 0xff, 0xff, 0xff, 0xff, 0xff, 0xff, 0xff, 0xff, 0xff, 0xff, 0x76,  // +@@@@@@@@@@@@@=
    0xbb, 0xff, 0xff, 0xff, 0xff, 0xff, 0xff, 0xff, 0xff, 0xff, 0xff, 0xff, 0xff, 0xff, 0x3c,  // #@@@@@@@@@@@@@:
    0x00, 0x00, 0x00, 0x00, 0x00, 0x4a, 0xff, 0xff, 0x5a, 0x00, 0x00, 0x00, 0x00, 0x00, 0x00,  //      :@@-      
    0x00, 0x00, 0x00, 0x00, 0x00, 0x7c, 0xff, 0xff, 0x27, 0x00, 0x00, 0x00, 0x00, 0x00, 0x00,  //      =@@.      
    0x00, 0x00, 0x00, 0x00, 0x00, 0xaf, 0xff, 0xf2, 0x01, 0x00, 0x00, 0x00, 0x00, 0x00, 0x00,  //      *@@       
    0x00, 0x00, 0x00, 0x00, 0x00, 0xe2, 0xff, 0xc1, 0x00, 0x00, 0x00, 0x00, 0x00, 0x00, 0x00,  //      %@#       
    0x00, 0x00, 0x00, 0x00, 0x15, 0xff, 0xff, 0x8e, 0x00, 0x00, 0x00, 0x00, 0x00, 0x00, 0x00,  //      @@+       
    0x00, 0x00, 0x00, 0x00, 0x48, 0xff, 0xff, 0x5c, 0x00, 0x00, 0x00, 0x00, 0x00, 0x00, 0x00,  //     :@@-       
    0x00, 0x00, 0x00, 0x00, 0x7a, 0xff, 0xff, 0x29, 0x00, 0x00, 0x00, 0x00, 0x00, 0x00, 0x00,  //     =@@.       
    0x00, 0x00, 0x00, 0x00, 0xad, 0xff, 0xf4, 0x02, 0x00, 0x00, 0x00, 0x00, 0x00, 0x00, 0x00,  //     *@@        
    0x00, 0x00, 0x00, 0x00, 0xe0, 0xff, 0xc3, 0x00, 0x00, 0x00, 0x00, 0x00, 0x00, 0x00, 0x00,  //     %@#        
    0x00, 0x00, 0x00, 0x13, 0xff, 0xff, 0x90, 0x00, 0x00, 0x00, 0x00, 0x00, 0x00, 0x00, 0x00,  //     @@+        
    0x00, 0x00, 0x00, 0x46, 0xff, 0xff, 0x5d, 0x00, 0x00, 0x00, 0x00, 0x00, 0x00, 0x00, 0x00,  //    :@@-        
    0x00, 0x00, 0x00, 0x79, 0xff, 0xff, 0x2b, 0x00, 0x00, 0x00, 0x00, 0x00, 0x00, 0x00, 0x00,  //    =@@.        
    0x00, 0x00, 0x00, 0xab, 0xff, 0xf5, 0x03, 0x00, 0x00, 0x00, 0x00, 0x00, 0x00, 0x00, 0x00,  //    *@@         
    0x00, 0x00, 0x00, 0xde, 0xff, 0xc5, 0x00, 0x00, 0x00, 0x00, 0x00, 0x00, 0x00, 0x00, 0x00,  //    %@#         
    0x00, 0x00, 0x11, 0xff, 0xff, 0x92, 0x00, 0x00, 0x00, 0x00, 0x00, 0x00, 0x00, 0x00, 0x00,  //    @@+         
    0x00, 0x00, 0x44, 0xff, 0xff, 0x5f, 0x00, 0x00, 0x00, 0x00, 0x00, 0x00, 0x00, 0x00, 0x00,  //   :@@-         
    0x00, 0x00, 0x77, 0xff, 0xff, 0x2d, 0x00, 0x00, 0x00, 0x00, 0x00, 0x00, 0x00, 0x00, 0x00,  //   =@@.         
    // Character 'U' (85)
    0x00, 0x00, 0x2f, 0xff, 0xff, 0x6d, 0x00, 0x00, 0x00, 0x00, 0x00, 0x00, 0x00, 0x77, 0xff, 0xff, 0x25,  //   .@@=       =@@.
    0x00, 0x00, 0x63, 0xff, 0xff, 0x38, 0x00, 0x00, 0x00, 0x00, 0x00, 0x00, 0x00, 0xac, 0xff, 0xf0, 0x01,  //   -@@:       *@@ 
    0x00, 0x00, 0x97, 0xff, 0xfb, 0x08, 0x00, 0x00, 0x00, 0x00, 0x00, 0x00, 0x00, 0xe1, 0xff, 0xbc, 0x00,  //   +@@        %@# 
    0x00, 0x00, 0xcb, 0xff, 0xcf, 0x00, 0x00, 0x00, 0x00, 0x00, 0x00, 0x00, 0x16, 0xff, 0xff, 0x88, 0x00,  //   #@#        @@+ 
    0x00, 0x05, 0xf8, 0xff, 0x9b, 0x00, 0x00, 0x00, 0x00, 0x00, 0x00, 0x00, 0x4b, 0xff, 0xff, 0x54, 0x00,  //   @@+       :@@- 
    0x00, 0x33, 0xff, 0xff, 0x66, 0x00, 0x00, 0x00, 0x00, 0x00, 0x00, 0x00, 0x80, 0xff, 0xff, 0x1f, 0x00,  //  .@@-       =@@. 
    0x00, 0x67, 0xff, 0xff, 0x32, 0x00, 0x00, 0x00, 0x00, 0x00, 0x00, 0x00, 0xb5, 0xff, 0xeb, 0x00, 0x00,  //  -@@.       *@@  
    0x00, 0x9b, 0xff, 0xf8, 0x05, 0x00, 0x00, 0x00, 0x00, 0x00, 0x00, 0x00, 0xe9, 0xff, 0xb6, 0x00, 0x00,  //  +@@        %@#  
    0x00, 0xcf, 0xff, 0xc9, 0x00, 0x00, 0x00, 0x00, 0x00, 0x00, 0x00, 0x1f, 0xff, 0xff, 0x82, 0x00, 0x00,  //  #@#       .@@+  
    0x07, 0xfa, 0xff, 0x94, 0x00, 0x00, 0x00, 0x00, 0x00, 0x00, 0x00, 0x54, 0xff, 0xff, 0x4e, 0x00, 0x00,  //  @@+       -@@-  
    0x37, 0xff, 0xff, 0x5f, 0x00, 0x00, 0x00, 0x00, 0x00, 0x00, 0x00, 0x89, 0xff, 0xff, 0x1a, 0x00, 0x00,  // :@@-       +@@.  
    0x6b, 0xff, 0xff, 0x2b, 0x00, 0x00, 0x00, 0x00, 0x00, 0x00, 0x00, 0xbe, 0xff, 0xe5, 0x00, 0x00, 0x00,  // =@@.       #@%   
    0x9d, 0xff, 0xf9, 0x02, 0x00, 0x00, 0x00, 0x00, 0x00, 0x00, 0x06, 0xf2, 0xff, 0xaa, 0x00, 0x00, 0x00,  // *@@        @@*   
    0xc2, 0xff, 0xe1, 0x00, 0x00, 0x00, 0x00, 0x00, 0x00, 0x00, 0x4b, 0xff, 0xff, 0x61, 0x00, 0x00, 0x00,  // #@%       :@@-   
    0xcf, 0xff, 0xd4, 0x00, 0x00, 0x00, 0x00, 0x00, 0x00, 0x00, 0xb7, 0xff, 0xef, 0x0b, 0x00, 0x00, 0x00,  // #@%       #@@    
    0xb5, 0xff, 0xf8, 0x14, 0x00, 0x00, 0x00, 0x00, 0x00, 0x6f, 0xff, 0xff, 0x72, 0x00, 0x00, 0x00, 0x00,  // *@@      =@@=    
    0x63, 0xff, 0xff, 0xc7, 0x3b, 0x09, 0x08, 0x32, 0x9a, 0xff, 0xff, 0xb1, 0x03, 0x00, 0x00, 0x00, 0x00,  // -@@#:  .+@@*     
    0x03, 0xb0, 0xff, 0xff, 0xff, 0xff, 0xff, 0xff, 0xff, 0xff, 0x97, 0x07, 0x00, 0x00, 0x00, 0x00, 0x00,  //  *@@@@@@@@+      
    0x00, 0x02, 0x5c, 0xb7, 0xe8, 0xfa, 0xf3, 0xd6, 0x97, 0x30, 0x00, 0x00, 0x00, 0x00, 0x00, 0x00, 0x00,  //   -#%@@%+.       
    // Character 'V' (86)
    0x88, 0xff, 0xff, 0x47, 0x00, 0x00, 0x00, 0x00, 0x00, 0x00, 0x00, 0x00, 0x00, 0x67, 0xff, 0xff, 0x81,  // +@@:         -@@=
    0x66, 0xff, 0xff, 0x66, 0x00, 0x00, 0x00, 0x00, 0x00, 0x00, 0x00, 0x00, 0x08, 0xe4, 0xff, 0xe9, 0x0d,  // -@@-         %@% 
    0x44, 0xff, 0xff, 0x85, 0x00, 0x00, 0x00, 0x00, 0x00, 0x00, 0x00, 0x00, 0x73, 0xff, 0xff, 0x6a, 0x00,  // :@@+        =@@= 
    0x22, 0xff, 0xff, 0xa4, 0x00, 0x00, 0x00, 0x00, 0x00, 0x00, 0x00, 0x0d, 0xeb, 0xff, 0xda, 0x04, 0x00,  // .@@*        @@%  
    0x04, 0xfb, 0xff, 0xc4, 0x00, 0x00, 0x00, 0x00, 0x00, 0x00, 0x00, 0x7f, 0xff, 0xff, 0x53, 0x00, 0x00,  //  @@#       =@@-  
    0x00, 0xde, 0xff, 0xe3, 0x00, 0x00, 0x00, 0x00, 0x00, 0x00, 0x13, 0xf1, 0xff, 0xc7, 0x00, 0x00, 0x00,  //  %@%       @@#   
    0x00, 0xbc, 0xff, 0xfd, 0x05, 0x00, 0x00, 0x00, 0x00, 0x00, 0x8b, 0xff, 0xff, 0x3c, 0x00, 0x00, 0x00,  //  #@@      +@@:   
    0x00, 0x9a, 0xff, 0xff, 0x21, 0x00, 0x00, 0x00, 0x00, 0x1a, 0xf6, 0xff, 0xb0, 0x00, 0x00, 0x00, 0x00,  //  +@@.    .@@*    
    0x00, 0x78, 0xff, 0xff, 0x40, 0x00, 0x00, 0x00, 0x00, 0x97, 0xff, 0xfc, 0x29, 0x00, 0x00, 0x00, 0x00,  //  =@@:    +@@.    
    0x00, 0x56, 0xff, 0xff, 0x60, 0x00, 0x00, 0x00, 0x22, 0xfa, 0xff, 0x99, 0x00, 0x00, 0x00, 0x00, 0x00,  //  -@@-   .@@+     
    0x00, 0x35, 0xff, 0xff, 0x7f, 0x00, 0x00, 0x00, 0xa3, 0xff, 0xf4, 0x19, 0x00, 0x00, 0x00, 0x00, 0x00,  //  :@@=   *@@      
    0x00, 0x13, 0xff, 0xff, 0x9e, 0x00, 0x00, 0x2b, 0xfd, 0xff, 0x82, 0x00, 0x00, 0x00, 0x00, 0x00, 0x00,  //   @@*  .@@+      
    0x00, 0x00, 0xf0, 0xff, 0xbd, 0x00, 0x00, 0xae, 0xff, 0xe9, 0x0d, 0x00, 0x00, 0x00, 0x00, 0x00, 0x00,  //   @@#  *@%       
    0x00, 0x00, 0xcf, 0xff, 0xd9, 0x00, 0x36, 0xff, 0xff, 0x6b, 0x00, 0x00, 0x00, 0x00, 0x00, 0x00, 0x00,  //   #@% :@@=       
    0x00, 0x00, 0xad, 0xff, 0xf3, 0x00, 0xbe, 0xff, 0xda, 0x05, 0x00, 0x00, 0x00, 0x00, 0x00, 0x00, 0x00,  //   *@@ #@%        
    0x00, 0x00, 0x8b, 0xff, 0xff, 0x54, 0xff, 0xff, 0x54, 0x00, 0x00, 0x00, 0x00, 0x00, 0x00, 0x00, 0x00,  //   +@@-@@-        
    0x00, 0x00, 0x69, 0xff, 0xff, 0xe6, 0xff, 0xc8, 0x00, 0x00, 0x00, 0x00, 0x00, 0x00, 0x00, 0x00, 0x00,  //   =@@%@#         
    0x00, 0x00, 0x47, 0xff, 0xff, 0xff, 0xff, 0x3d, 0x00, 0x00, 0x00, 0x00, 0x00, 0x00, 0x00, 0x00, 0x00,  //   :@@@@:         
    0x00, 0x00, 0x25, 0xff, 0xff, 0xff, 0xb1, 0x00, 0x00, 0x00, 0x00, 0x00, 0x00, 0x00, 0x00, 0x00, 0x00,  //   .@@@*          
    // Character 'W' (87)
    0x00, 0x00, 0x10, 0xff, 0xff, 0x5b, 0x00, 0x00, 0x00, 0x00, 0x00, 0x00, 0x00, 0x00, 0x00, 0x51, 0xff, 0xfb, 0x0d,  //    @@-         -@@ 
    0x00, 0x00, 0x33, 0xff, 0xff, 0x32, 0x00, 0x00, 0x00, 0x00, 0x00, 0x00, 0x00, 0x00, 0x00, 0x91, 0xff, 0xc3, 0x00,  //   .@@.         +@# 
    0x00, 0x00, 0x55, 0xff, 0xfe, 0x0b, 0x00, 0x00, 0x00, 0x00, 0x00, 0x00, 0x00, 0x00, 0x00, 0xd1, 0xff, 0x7e, 0x00,  //   -@@          %@= 
    0x00, 0x00, 0x77, 0xff, 0xe1, 0x00, 0x00, 0x00, 0x00, 0x00, 0x00, 0x00, 0x00, 0x00, 0x13, 0xfe, 0xff, 0x39, 0x00,  //   =@%          @@: 
    0x00, 0x00, 0x99, 0xff, 0xb8, 0x00, 0x00, 0x00, 0x00, 0x00, 0x00, 0x00, 0x00, 0x00, 0x52, 0xff, 0xf0, 0x03, 0x00,  //   +@#         -@@  
    0x00, 0x00, 0xbb, 0xff, 0x90, 0x00, 0x00, 0x00, 0x00, 0x00, 0x00, 0x00, 0x00, 0x00, 0x92, 0xff, 0xaf, 0x00, 0x00,  //   #@+         +@*  
    0x00, 0x00, 0xdd, 0xff, 0x67, 0x00, 0x00, 0x06, 0xe4, 0xff, 0x35, 0x00, 0x00, 0x00, 0xd2, 0xff, 0x6a, 0x00, 0x00,  //   %@-   %@:   %@=  
    0x00, 0x03, 0xfb, 0xff, 0x3f, 0x00, 0x00, 0x68, 0xff, 0xff, 0x58, 0x00, 0x00, 0x13, 0xfe, 0xff, 0x25, 0x00, 0x00,  //   @@:  =@@-   @@.  
    0x00, 0x21, 0xff, 0xff, 0x16, 0x00, 0x05, 0xe0, 0xff, 0xff, 0x7b, 0x00, 0x00, 0x53, 0xff, 0xe0, 0x00, 0x00, 0x00,  //  .@@   %@@=  -@%   
    0x00, 0x42, 0xff, 0xed, 0x00, 0x00, 0x63, 0xff, 0xdc, 0xff, 0x9e, 0x00, 0x00, 0x93, 0xff, 0x9b, 0x00, 0x00, 0x00,  //  :@@  -@%@*  +@+   
    0x00, 0x64, 0xff, 0xc5, 0x00, 0x03, 0xdc, 0xe8, 0x6d, 0xff, 0xc1, 0x00, 0x00, 0xd3, 0xff, 0x56, 0x00, 0x00, 0x00,  //  -@#  %%=@#  %@-   
    0x00, 0x86, 0xff, 0x9d, 0x00, 0x5e, 0xff, 0x7a, 0x4e, 0xff, 0xe4, 0x00, 0x14, 0xfe, 0xfd, 0x13, 0x00, 0x00, 0x00,  //  +@* -@=-@%  @@    
    0x00, 0xa8, 0xff, 0x7d, 0x02, 0xd8, 0xf0, 0x0f, 0x2e, 0xff, 0xfe, 0x09, 0x54, 0xff, 0xcc, 0x00, 0x00, 0x00, 0x00,  //  *@= %@ .@@ -@#    
    0x00, 0xca, 0xff, 0x61, 0x59, 0xff, 0x81, 0x00, 0x0a, 0xff, 0xff, 0x2b, 0x94, 0xff, 0x87, 0x00, 0x00, 0x00, 0x00,  //  #@--@=  @@.+@+    
    0x00, 0xec, 0xff, 0x4b, 0xdd, 0xf2, 0x12, 0x00, 0x00, 0xe6, 0xff, 0x51, 0xd5, 0xff, 0x42, 0x00, 0x00, 0x00, 0x00,  //  @@:%@   %@-%@:    
    0x0d, 0xff, 0xff, 0x9b, 0xff, 0x86, 0x00, 0x00, 0x00, 0xc2, 0xff, 0x99, 0xff, 0xf6, 0x07, 0x00, 0x00, 0x00, 0x00,  //  @@+@+   #@+@@     
    0x30, 0xff, 0xff, 0xf7, 0xf4, 0x14, 0x00, 0x00, 0x00, 0x9e, 0xff, 0xf7, 0xff, 0xb8, 0x00, 0x00, 0x00, 0x00, 0x00,  // .@@@@    *@@@#     
    0x52, 0xff, 0xff, 0xff, 0x8b, 0x00, 0x00, 0x00, 0x00, 0x7a, 0xff, 0xff, 0xff, 0x73, 0x00, 0x00, 0x00, 0x00, 0x00,  // -@@@+    =@@@=     
    0x73, 0xff, 0xff, 0xf6, 0x17, 0x00, 0x00, 0x00, 0x00, 0x56, 0xff, 0xff, 0xff, 0x2e, 0x00, 0x00, 0x00, 0x00, 0x00,  // =@@@     -@@@.     
    // Character 'X' (88)
    0x00, 0x00, 0x00, 0x00, 0x00, 0xa8, 0xff, 0xff, 0x51, 0x00, 0x00, 0x00, 0x00, 0x00, 0x00, 0x00, 0x89, 0xff, 0xff, 0x94,  //      *@@-       +@@+
    0x00, 0x00, 0x00, 0x00, 0x00, 0x38, 0xff, 0xff, 0xc4, 0x00, 0x00, 0x00, 0x00, 0x00, 0x00, 0x62, 0xff, 0xff, 0xbb, 0x04,  //      :@@#      -@@# 
    0x00, 0x00, 0x00, 0x00, 0x00, 0x00, 0xc8, 0xff, 0xff, 0x37, 0x00, 0x00, 0x00, 0x00, 0x40, 0xfa, 0xff, 0xd8, 0x10, 0x00,  //       #@@:    :@@%  
    0x00, 0x00, 0x00, 0x00, 0x00, 0x00, 0x58, 0xff, 0xff, 0xaa, 0x00, 0x00, 0x00, 0x26, 0xed, 0xff, 0xee, 0x25, 0x00, 0x00,  //       -@@*   .@@@.  
    0x00, 0x00, 0x00, 0x00, 0x00, 0x00, 0x04, 0xe3, 0xff, 0xfc, 0x20, 0x00, 0x12, 0xda, 0xff, 0xfb, 0x43, 0x00, 0x00, 0x00,  //        %@@.  %@@:   
    0x00, 0x00, 0x00, 0x00, 0x00, 0x00, 0x00, 0x78, 0xff, 0xff, 0x90, 0x05, 0xc0, 0xff, 0xff, 0x68, 0x00, 0x00, 0x00, 0x00,  //        =@@+ #@@=    
    0x00, 0x00, 0x00, 0x00, 0x00, 0x00, 0x00, 0x12, 0xf5, 0xff, 0xf3, 0xa7, 0xff, 0xff, 0x92, 0x00, 0x00, 0x00, 0x00, 0x00,  //         @@@*@@+     
    0x00, 0x00, 0x00, 0x00, 0x00, 0x00, 0x00, 0x00, 0x98, 0xff, 0xff, 0xff, 0xff, 0xb9, 0x03, 0x00, 0x00, 0x00, 0x00, 0x00,  //         +@@@@#      
    0x00, 0x00, 0x00, 0x00, 0x00, 0x00, 0x00, 0x00, 0x29, 0xfe, 0xff, 0xff, 0xd7, 0x0f, 0x00, 0x00, 0x00, 0x00, 0x00, 0x00,  //         .@@@%       
    0x00, 0x00, 0x00, 0x00, 0x00, 0x00, 0x00, 0x00, 0x37, 0xfa, 0xff, 0xff, 0x6a, 0x00, 0x00, 0x00, 0x00, 0x00, 0x00, 0x00,  //         :@@@=       
    0x00, 0x00, 0x00, 0x00, 0x00, 0x00, 0x00, 0x1e, 0xe8, 0xff, 0xff, 0xff, 0xd1, 0x00, 0x00, 0x00, 0x00, 0x00, 0x00, 0x00,  //        .%@@@%       
    0x00, 0x00, 0x00, 0x00, 0x00, 0x00, 0x0d, 0xd2, 0xff, 0xff, 0xee, 0xff, 0xff, 0x44, 0x00, 0x00, 0x00, 0x00, 0x00, 0x00,  //        %@@@@@:      
    0x00, 0x00, 0x00, 0x00, 0x00, 0x03, 0xb5, 0xff, 0xff, 0x8e, 0x64, 0xff, 0xff, 0xb7, 0x00, 0x00, 0x00, 0x00, 0x00, 0x00,  //       *@@+-@@#      
    0x00, 0x00, 0x00, 0x00, 0x00, 0x92, 0xff, 0xff, 0xb5, 0x02, 0x08, 0xeb, 0xff, 0xff, 0x2b, 0x00, 0x00, 0x00, 0x00, 0x00,  //      +@@*  @@@.     
    0x00, 0x00, 0x00, 0x00, 0x6b, 0xff, 0xff, 0xd4, 0x0e, 0x00, 0x00, 0x84, 0xff, 0xff, 0x9d, 0x00, 0x00, 0x00, 0x00, 0x00,  //     =@@%   +@@*     
    0x00, 0x00, 0x00, 0x47, 0xfc, 0xff, 0xeb, 0x21, 0x00, 0x00, 0x00, 0x19, 0xfa, 0xff, 0xf8, 0x17, 0x00, 0x00, 0x00, 0x00,  //    :@@@.    @@@     
    0x00, 0x00, 0x2b, 0xf1, 0xff, 0xf9, 0x3d, 0x00, 0x00, 0x00, 0x00, 0x00, 0xa4, 0xff, 0xff, 0x83, 0x00, 0x00, 0x00, 0x00,  //   .@@@:     *@@+    
    0x00, 0x16, 0xdf, 0xff, 0xff, 0x61, 0x00, 0x00, 0x00, 0x00, 0x00, 0x00, 0x34, 0xff, 0xff, 0xec, 0x0a, 0x00, 0x00, 0x00,  //   %@@-      :@@@    
    0x08, 0xc6, 0xff, 0xff, 0x8a, 0x00, 0x00, 0x00, 0x00, 0x00, 0x00, 0x00, 0x00, 0xc4, 0xff, 0xff, 0x6a, 0x00, 0x00, 0x00,  //  #@@+        #@@=   
    // Character 'Y' (89)
    0x79, 0xff, 0xff, 0x8b, 0x00, 0x00, 0x00, 0x00, 0x00, 0x00, 0x00, 0x00, 0x00, 0xa6, 0xff, 0xff, 0x75,  // =@@+         *@@=
    0x1d, 0xfd, 0xff, 0xe2, 0x01, 0x00, 0x00, 0x00, 0x00, 0x00, 0x00, 0x00, 0x63, 0xff, 0xff, 0xb0, 0x00,  // .@@%        -@@* 
    0x00, 0xbd, 0xff, 0xff, 0x3c, 0x00, 0x00, 0x00, 0x00, 0x00, 0x00, 0x29, 0xf5, 0xff, 0xdc, 0x0f, 0x00,  //  #@@:      .@@%  
    0x00, 0x5f, 0xff, 0xff, 0x94, 0x00, 0x00, 0x00, 0x00, 0x00, 0x08, 0xd2, 0xff, 0xf7, 0x30, 0x00, 0x00,  //  -@@+      %@@.  
    0x00, 0x0c, 0xf4, 0xff, 0xe9, 0x03, 0x00, 0x00, 0x00, 0x00, 0x98, 0xff, 0xff, 0x62, 0x00, 0x00, 0x00,  //   @@%     +@@-   
    0x00, 0x00, 0xa3, 0xff, 0xff, 0x45, 0x00, 0x00, 0x00, 0x53, 0xff, 0xff, 0x9d, 0x00, 0x00, 0x00, 0x00,  //   *@@:   -@@*    
    0x00, 0x00, 0x45, 0xff, 0xff, 0x9d, 0x00, 0x00, 0x20, 0xef, 0xff, 0xd0, 0x08, 0x00, 0x00, 0x00, 0x00,  //   :@@*  .@@%     
    0x00, 0x00, 0x02, 0xe4, 0xff, 0xeb, 0x03, 0x04, 0xc6, 0xff, 0xf0, 0x23, 0x00, 0x00, 0x00, 0x00, 0x00,  //    %@@  #@@.     
    0x00, 0x00, 0x00, 0x89, 0xff, 0xff, 0x3c, 0x82, 0xff, 0xff, 0x50, 0x00, 0x00, 0x00, 0x00, 0x00, 0x00,  //    +@@:+@@-      
    0x00, 0x00, 0x00, 0x2a, 0xff, 0xff, 0xbc, 0xfc, 0xff, 0x8a, 0x00, 0x00, 0x00, 0x00, 0x00, 0x00, 0x00,  //    .@@#@@+       
    0x00, 0x00, 0x00, 0x00, 0xcc, 0xff, 0xff, 0xff, 0xc1, 0x04, 0x00, 0x00, 0x00, 0x00, 0x00, 0x00, 0x00,  //     #@@@#        
    0x00, 0x00, 0x00, 0x00, 0x6e, 0xff, 0xff, 0xe8, 0x19, 0x00, 0x00, 0x00, 0x00, 0x00, 0x00, 0x00, 0x00,  //     =@@%         
    0x00, 0x00, 0x00, 0x00, 0x43, 0xff, 0xff, 0x68, 0x00, 0x00, 0x00, 0x00, 0x00, 0x00, 0x00, 0x00, 0x00,  //     :@@=         
    0x00, 0x00, 0x00, 0x00, 0x75, 0xff, 0xff, 0x31, 0x00, 0x00, 0x00, 0x00, 0x00, 0x00, 0x00, 0x00, 0x00,  //     =@@.         
    0x00, 0x00, 0x00, 0x00, 0xa9, 0xff, 0xf8, 0x05, 0x00, 0x00, 0x00, 0x00, 0x00, 0x00, 0x00, 0x00, 0x00,  //     *@@          
    0x00, 0x00, 0x00, 0x00, 0xdc, 0xff, 0xc9, 0x00, 0x00, 0x00, 0x00, 0x00, 0x00, 0x00, 0x00, 0x00, 0x00,  //     %@#          
    0x00, 0x00, 0x00, 0x10, 0xfe, 0xff, 0x95, 0x00, 0x00, 0x00, 0x00, 0x00, 0x00, 0x00, 0x00, 0x00, 0x00,  //     @@+          
    0x00, 0x00, 0x00, 0x43, 0xff, 0xff, 0x61, 0x00, 0x00, 0x00, 0x00, 0x00, 0x00, 0x00, 0x00, 0x00, 0x00,  //    :@@-          
    0x00, 0x00, 0x00, 0x76, 0xff, 0xff, 0x2d, 0x00, 0x00, 0x00, 0x00, 0x00, 0x00, 0x00, 0x00, 0x00, 0x00,  //    =@@.          
    // Character 'Z' (90)
    0x00, 0x00, 0x00, 0x00, 0xe3, 0xff, 0xff, 0xff, 0xff, 0xff, 0xff, 0xff, 0xff, 0xff, 0xff, 0xff, 0xda,  //     %@@@@@@@@@@@%
    0x00, 0x00, 0x00, 0x21, 0xff, 0xff, 0xff, 0xff, 0xff, 0xff, 0xff, 0xff, 0xff, 0xff, 0xff, 0xff, 0x7b,  //    .@@@@@@@@@@@@=
    0x00, 0x00, 0x00, 0x00, 0x00, 0x00, 0x00, 0x00, 0x00, 0x00, 0x00, 0x00, 0x33, 0xf7, 0xff, 0xb5, 0x02,  //             .@@* 
    0x00, 0x00, 0x00, 0x00, 0x00, 0x00, 0x00, 0x00, 0x00, 0x00, 0x00, 0x17, 0xe3, 0xff, 0xd8, 0x0f, 0x00,  //             %@%  
    0x00, 0x00, 0x00, 0x00, 0x00, 0x00, 0x00, 0x00, 0x00, 0x00, 0x05, 0xc3, 0xff, 0xf0, 0x27, 0x00, 0x00,  //            #@@.  
    0x00, 0x00, 0x00, 0x00, 0x00, 0x00, 0x00, 0x00, 0x00, 0x00, 0x98, 0xff, 0xfd, 0x4a, 0x00, 0x00, 0x00,  //           +@@:   
    0x00, 0x00, 0x00, 0x00, 0x00, 0x00, 0x00, 0x00, 0x00, 0x67, 0xff, 0xff, 0x78, 0x00, 0x00, 0x00, 0x00,  //          -@@=    
    0x00, 0x00, 0x00, 0x00, 0x00, 0x00, 0x00, 0x00, 0x3b, 0xfa, 0xff, 0xa8, 0x00, 0x00, 0x00, 0x00, 0x00,  //         :@@*     
    0x00, 0x00, 0x00, 0x00, 0x00, 0x00, 0x00, 0x1c, 0xe8, 0xff, 0xcf, 0x0a, 0x00, 0x00, 0x00, 0x00, 0x00,  //        .%@#      
    0x00, 0x00, 0x00, 0x00, 0x00, 0x00, 0x08, 0xcb, 0xff, 0xea, 0x1f, 0x00, 0x00, 0x00, 0x00, 0x00, 0x00,  //        #@@.      
    0x00, 0x00, 0x00, 0x00, 0x00, 0x00, 0xa2, 0xff, 0xfa, 0x3f, 0x00, 0x00, 0x00, 0x00, 0x00, 0x00, 0x00,  //       *@@:       
    0x00, 0x00, 0x00, 0x00, 0x00, 0x72, 0xff, 0xff, 0x6a, 0x00, 0x00, 0x00, 0x00, 0x00, 0x00, 0x00, 0x00,  //      =@@=        
    0x00, 0x00, 0x00, 0x00, 0x44, 0xfc, 0xff, 0x9a, 0x00, 0x00, 0x00, 0x00, 0x00, 0x00, 0x00, 0x00, 0x00,  //     :@@+         
    0x00, 0x00, 0x00, 0x22, 0xed, 0xff, 0xc4, 0x06, 0x00, 0x00, 0x00, 0x00, 0x00, 0x00, 0x00, 0x00, 0x00,  //    .@@#          
    0x00, 0x00, 0x0b, 0xd2, 0xff, 0xe3, 0x17, 0x00, 0x00, 0x00, 0x00, 0x00, 0x00, 0x00, 0x00, 0x00, 0x00,  //    %@%           
    0x00, 0x01, 0xac, 0xff, 0xf7, 0x34, 0x00, 0x00, 0x00, 0x00, 0x00, 0x00, 0x00, 0x00, 0x00, 0x00, 0x00,  //   *@@:           
    0x00, 0x7d, 0xff, 0xff, 0x5c, 0x00, 0x00, 0x00, 0x00, 0x00, 0x00, 0x00, 0x00, 0x00, 0x00, 0x00, 0x00,  //  =@@-            
    0x48, 0xfe, 0xff, 0xff, 0xff, 0xff, 0xff, 0xff, 0xff, 0xff, 0xff, 0xff, 0xff, 0xb4, 0x00, 0x00, 0x00,  // :@@@@@@@@@@@@*   
    0xb8, 0xff, 0xff, 0xff, 0xff, 0xff, 0xff, 0xff, 0xff, 0xff, 0xff, 0xff, 0xff, 0x76, 0x00, 0x00, 0x00,  // #@@@@@@@@@@@@=   
    // Character '[' (91)
    0x00, 0x00, 0x00, 0x00, 0x00, 0x4e, 0xff, 0xff, 0xff, 0xff, 0xff, 0xff, 0xe9, 0x00,  //      -@@@@@@% 
    0x00, 0x00, 0x00, 0x00, 0x00, 0x82, 0xff, 0xff, 0xff, 0xff, 0xff, 0xff, 0xb5, 0x00,  //      +@@@@@@* 
    0x00, 0x00, 0x00, 0x00, 0x00, 0xb6, 0xff, 0xb5, 0x00, 0x00, 0x00, 0x00, 0x00, 0x00,  //      #@*      
    0x00, 0x00, 0x00, 0x00, 0x00, 0xe9, 0xff, 0x82, 0x00, 0x00, 0x00, 0x00, 0x00, 0x00,  //      %@+      
    0x00, 0x00, 0x00, 0x00, 0x1d, 0xff, 0xff, 0x4f, 0x00, 0x00, 0x00, 0x00, 0x00, 0x00,  //     .@@-      
    0x00, 0x00, 0x00, 0x00, 0x51, 0xff, 0xff, 0x1b, 0x00, 0x00, 0x00, 0x00, 0x00, 0x00,  //     -@@.      
    0x00, 0x00, 0x00, 0x00, 0x84, 0xff, 0xe8, 0x00, 0x00, 0x00, 0x00, 0x00, 0x00, 0x00,  //     +@%       
    0x00, 0x00, 0x00, 0x00, 0xb8, 0xff, 0xb4, 0x00, 0x00, 0x00, 0x00, 0x00, 0x00, 0x00,  //     #@*       
    0x00, 0x00, 0x00, 0x00, 0xeb, 0xff, 0x81, 0x00, 0x00, 0x00, 0x00, 0x00, 0x00, 0x00,  //     @@=       
    0x00, 0x00, 0x00, 0x20, 0xff, 0xff, 0x4d, 0x00, 0x00, 0x00, 0x00, 0x00, 0x00, 0x00,  //    .@@:       
    0x00, 0x00, 0x00, 0x53, 0xff, 0xff, 0x1a, 0x00, 0x00, 0x00, 0x00, 0x00, 0x00, 0x00,  //    -@@.       
    0x00, 0x00, 0x00, 0x87, 0xff, 0xe6, 0x00, 0x00, 0x00, 0x00, 0x00, 0x00, 0x00, 0x00,  //    +@%        
    0x00, 0x00, 0x00, 0xbb, 0xff, 0xb3, 0x00, 0x00, 0x00, 0x00, 0x00, 0x00, 0x00, 0x00,  //    #@*        
    0x00, 0x00, 0x00, 0xed, 0xff, 0x7f, 0x00, 0x00, 0x00, 0x00, 0x00, 0x00, 0x00, 0x00,  //    @@=        
    0x00, 0x00, 0x22, 0xff, 0xff, 0x4c, 0x00, 0x00, 0x00, 0x00, 0x00, 0x00, 0x00, 0x00,  //   .@@:        
    0x00, 0x00, 0x56, 0xff, 0xff, 0x18, 0x00, 0x00, 0x00, 0x00, 0x00, 0x00, 0x00, 0x00,  //   -@@         
    0x00, 0x00, 0x89, 0xff, 0xe5, 0x00, 0x00, 0x00, 0x00, 0x00, 0x00, 0x00, 0x00, 0x00,  //   +@%         
    0x00, 0x00, 0xbd, 0xff, 0xb1, 0x00, 0x00, 0x00, 0x00, 0x00, 0x00, 0x00, 0x00, 0x00,  //   #@*         
    0x00, 0x01, 0xef, 0xff, 0x7e, 0x00, 0x00, 0x00, 0x00, 0x00, 0x00, 0x00, 0x00, 0x00,  //   @@=         
    0x00, 0x25, 0xff, 0xff, 0x4a, 0x00, 0x00, 0x00, 0x00, 0x00, 0x00, 0x00, 0x00, 0x00,  //  .@@:         
    0x00, 0x58, 0xff, 0xff, 0x17, 0x00, 0x00, 0x00, 0x00, 0x00, 0x00, 0x00, 0x00, 0x00,  //  -@@          
    0x00, 0x8c, 0xff, 0xe3, 0x00, 0x00, 0x00, 0x00, 0x00, 0x00, 0x00, 0x00, 0x00, 0x00,  //  +@%          
    0x00, 0xc0, 0xff, 0xb0, 0x00, 0x00, 0x00, 0x00, 0x00, 0x00, 0x00, 0x00, 0x00, 0x00,  //  #@*          
    0x01, 0xf1, 0xff, 0x7c, 0x00, 0x00, 0x00, 0x00, 0x00, 0x00, 0x00, 0x00, 0x00, 0x00,  //  @@=          
    0x27, 0xff, 0xff, 0x49, 0x00, 0x00, 0x00, 0x00, 0x00, 0x00, 0x00, 0x00, 0x00, 0x00,  // .@@:          
    0x5b, 0xff, 0xff, 0xff, 0xff, 0xff, 0xff, 0xdd, 0x00, 0x00, 0x00, 0x00, 0x00, 0x00,  // -@@@@@@%      
    0x8e, 0xff, 0xff, 0xff, 0xff, 0xff, 0xff, 0xa9, 0x00, 0x00, 0x00, 0x00, 0x00, 0x00,  // +@@@@@@*      
    // Character '\' (92)
    0xd9, 0xff, 0x83, 0x00, 0x00, 0x00, 0x00, 0x00,  // %@+     
    0xa1, 0xff, 0xbb, 0x00, 0x00, 0x00, 0x00, 0x00,  // *@#     
    0x69, 0xff, 0xf1, 0x02, 0x00, 0x00, 0x00, 0x00,  // =@@     
    0x31, 0xff, 0xff, 0x2b, 0x00, 0x00, 0x00, 0x00,  // .@@.    
    0x03, 0xf4, 0xff, 0x63, 0x00, 0x00, 0x00, 0x00,  //  @@-    
    0x00, 0xc1, 0xff, 0x9b, 0x00, 0x00, 0x00, 0x00,  //  #@+    
    0x00, 0x8a, 0xff, 0xd3, 0x00, 0x00, 0x00, 0x00,  //  +@%    
    0x00, 0x52, 0xff, 0xfd, 0x0d, 0x00, 0x00, 0x00,  //  -@@    
    0x00, 0x19, 0xff, 0xff, 0x43, 0x00, 0x00, 0x00,  //   @@:   
    0x00, 0x00, 0xe2, 0xff, 0x7b, 0x00, 0x00, 0x00,  //   %@=   
    0x00, 0x00, 0xaa, 0xff, 0xb3, 0x00, 0x00, 0x00,  //   *@*   
    0x00, 0x00, 0x72, 0xff, 0xea, 0x00, 0x00, 0x00,  //   =@@   
    0x00, 0x00, 0x3b, 0xff, 0xff, 0x23, 0x00, 0x00,  //   :@@.  
    0x00, 0x00, 0x08, 0xfa, 0xff, 0x5b, 0x00, 0x00,  //    @@-  
    0x00, 0x00, 0x00, 0xcb, 0xff, 0x93, 0x00, 0x00,  //    #@+  
    0x00, 0x00, 0x00, 0x93, 0xff, 0xcb, 0x00, 0x00,  //    +@#  
    0x00, 0x00, 0x00, 0x5b, 0xff, 0xfa, 0x08, 0x00,  //    -@@  
    0x00, 0x00, 0x00, 0x23, 0xff, 0xff, 0x3b, 0x00,  //    .@@: 
    0x00, 0x00, 0x00, 0x00, 0xeb, 0xff, 0x73, 0x00,  //     @@= 
    0x00, 0x00, 0x00, 0x00, 0xb4, 0xff, 0xab, 0x00,  //     *@* 
    0x00, 0x00, 0x00, 0x00, 0x7c, 0xff, 0xe3, 0x00,  //     =@% 
    0x00, 0x00, 0x00, 0x00, 0x44, 0xff, 0xff, 0x1b,  //     :@@.
    0x00, 0x00, 0x00, 0x00, 0x0e, 0xfd, 0xff, 0x53,  //      @@-
    0x00, 0x00, 0x00, 0x00, 0x00, 0xd4, 0xff, 0x8b,  //      %@+
    // Character ']' (93)
    0x00, 0x00, 0x00, 0x00, 0x00, 0x27, 0xff, 0xff, 0xff, 0xff, 0xff, 0xff, 0xff, 0x15,  //      .@@@@@@@ 
    0x00, 0x00, 0x00, 0x00, 0x00, 0x5a, 0xff, 0xff, 0xff, 0xff, 0xff, 0xff, 0xe2, 0x00,  //      -@@@@@@% 
    0x00, 0x00, 0x00, 0x00, 0x00, 0x00, 0x00, 0x00, 0x00, 0x00, 0xca, 0xff, 0xae, 0x00,  //           #@* 
    0x00, 0x00, 0x00, 0x00, 0x00, 0x00, 0x00, 0x00, 0x00, 0x05, 0xf8, 0xff, 0x7a, 0x00,  //           @@= 
    0x00, 0x00, 0x00, 0x00, 0x00, 0x00, 0x00, 0x00, 0x00, 0x31, 0xff, 0xff, 0x47, 0x00,  //          .@@: 
    0x00, 0x00, 0x00, 0x00, 0x00, 0x00, 0x00, 0x00, 0x00, 0x64, 0xff, 0xff, 0x13, 0x00,  //          -@@  
    0x00, 0x00, 0x00, 0x00, 0x00, 0x00, 0x00, 0x00, 0x00, 0x98, 0xff, 0xdf, 0x00, 0x00,  //          +@%  
    0x00, 0x00, 0x00, 0x00, 0x00, 0x00, 0x00, 0x00, 0x00, 0xcb, 0xff, 0xac, 0x00, 0x00,  //          #@*  
    0x00, 0x00, 0x00, 0x00, 0x00, 0x00, 0x00, 0x00, 0x05, 0xf8, 0xff, 0x78, 0x00, 0x00,  //          @@=  
    0x00, 0x00, 0x00, 0x00, 0x00, 0x00, 0x00, 0x00, 0x32, 0xff, 0xff, 0x44, 0x00, 0x00,  //         .@@:  
    0x00, 0x00, 0x00, 0x00, 0x00, 0x00, 0x00, 0x00, 0x66, 0xff, 0xff, 0x11, 0x00, 0x00,  //         -@@   
    0x00, 0x00, 0x00, 0x00, 0x00, 0x00, 0x00, 0x00, 0x99, 0xff, 0xdd, 0x00, 0x00, 0x00,  //         +@%   
    0x00, 0x00, 0x00, 0x00, 0x00, 0x00, 0x00, 0x00, 0xcd, 0xff, 0xa9, 0x00, 0x00, 0x00,  //         #@*   
    0x00, 0x00, 0x00, 0x00, 0x00, 0x00, 0x00, 0x06, 0xf9, 0xff, 0x75, 0x00, 0x00, 0x00,  //         @@=   
    0x00, 0x00, 0x00, 0x00, 0x00, 0x00, 0x00, 0x34, 0xff, 0xff, 0x42, 0x00, 0x00, 0x00,  //        :@@:   
    0x00, 0x00, 0x00, 0x00, 0x00, 0x00, 0x00, 0x67, 0xff, 0xfe, 0x0f, 0x00, 0x00, 0x00,  //        -@@    
    0x00, 0x00, 0x00, 0x00, 0x00, 0x00, 0x00, 0x9b, 0xff, 0xda, 0x00, 0x00, 0x00, 0x00,  //        +@%    
    0x00, 0x00, 0x00, 0x00, 0x00, 0x00, 0x00, 0xce, 0xff, 0xa7, 0x00, 0x00, 0x00, 0x00,  //        #@*    
    0x00, 0x00, 0x00, 0x00, 0x00, 0x00, 0x07, 0xfa, 0xff, 0x73, 0x00, 0x00, 0x00, 0x00,  //        @@=    
    0x00, 0x00, 0x00, 0x00, 0x00, 0x00, 0x35, 0xff, 0xff, 0x3f, 0x00, 0x00, 0x00, 0x00,  //       :@@:    
    0x00, 0x00, 0x00, 0x00, 0x00, 0x00, 0x69, 0xff, 0xfe, 0x0d, 0x00, 0x00, 0x00, 0x00,  //       =@@     
    0x00, 0x00, 0x00, 0x00, 0x00, 0x00, 0x9c, 0xff, 0xd8, 0x00, 0x00, 0x00, 0x00, 0x00,  //       *@%     
    0x00, 0x00, 0x00, 0x00, 0x00, 0x00, 0xd0, 0xff, 0xa4, 0x00, 0x00, 0x00, 0x00, 0x00,  //       %@*     
    0x00, 0x00, 0x00, 0x00, 0x00, 0x07, 0xfb, 0xff, 0x70, 0x00, 0x00, 0x00, 0x00, 0x00,  //       @@=     
    0x00, 0x00, 0x00, 0x00, 0x00, 0x36, 0xff, 0xff, 0x3d, 0x00, 0x00, 0x00, 0x00, 0x00,  //      :@@:     
    0x2f, 0xff, 0xff, 0xff, 0xff, 0xff, 0xff, 0xfd, 0x0c, 0x00, 0x00, 0x00, 0x00, 0x00,  // .@@@@@@@      
    0x62, 0xff, 0xff, 0xff, 0xff, 0xff, 0xff, 0xd5, 0x00, 0x00, 0x00, 0x00, 0x00, 0x00,  // -@@@@@@%      
    // Character '^' (94)
    0x00, 0x00, 0x00, 0x00, 0x00, 0x00, 0x10, 0xdb, 0xff, 0xc0, 0x00, 0x00, 0x00, 0x00,  //        %@#    
    0x00, 0x00, 0x00, 0x00, 0x00, 0x02, 0xb7, 0xff, 0xff, 0xff, 0x2c, 0x00, 0x00, 0x00,  //       #@@@.   
    0x00, 0x00, 0x00, 0x00, 0x00, 0x88, 0xff, 0xb3, 0xa5, 0xff, 0x96, 0x00, 0x00, 0x00,  //      +@**@+   
    0x00, 0x00, 0x00, 0x00, 0x56, 0xff, 0xdd, 0x10, 0x40, 0xff, 0xf3, 0x0d, 0x00, 0x00,  //     -@% :@@   
    0x00, 0x00, 0x00, 0x2f, 0xf5, 0xf7, 0x30, 0x00, 0x00, 0xda, 0xff, 0x6b, 0x00, 0x00,  //    .@@.  %@=  
    0x00, 0x00, 0x13, 0xde, 0xff, 0x61, 0x00, 0x00, 0x00, 0x77, 0xff, 0xd5, 0x00, 0x00,  //    %@-   =@%  
    0x00, 0x03, 0xbc, 0xff, 0x9b, 0x00, 0x00, 0x00, 0x00, 0x17, 0xfb, 0xff, 0x40, 0x00,  //   #@+     @@: 
    0x00, 0x8f, 0xff, 0xcd, 0x07, 0x00, 0x00, 0x00, 0x00, 0x00, 0xaf, 0xff, 0xab, 0x00,  //  +@#      *@* 
    0x5d, 0xff, 0xee, 0x20, 0x00, 0x00, 0x00, 0x00, 0x00, 0x00, 0x4a, 0xff, 0xfb, 0x1b,  // -@@.      :@@.
    // Character '_' (95)
    0x67, 0xff, 0xff, 0xff, 0xff, 0xff, 0xff, 0xff, 0xff, 0xff, 0xff, 0xff, 0xff, 0xff, 0xff, 0xff, 0xff, 0x1c,  // -@@@@@@@@@@@@@@@@.
    0x9a, 0xff, 0xff, 0xff, 0xff, 0xff, 0xff, 0xff, 0xff, 0xff, 0xff, 0xff, 0xff, 0xff, 0xff, 0xff, 0xe7, 0x00,  // +@@@@@@@@@@@@@@@% 
    // Character '`' (96)
    0x00, 0x00, 0x00, 0x00, 0x11, 0xc2, 0xff, 0xff, 0xb7, 0x03, 0x00, 0x00,  //      #@@#   
    0x00, 0x00, 0x00, 0x00, 0x00, 0x07, 0xab, 0xff, 0xff, 0x91, 0x00, 0x00,  //       *@@+  
    0x00, 0x00, 0x00, 0x00, 0x00, 0x00, 0x02, 0x90, 0xff, 0xff, 0x68, 0x00,  //        +@@= 
    0x00, 0x00, 0x00, 0x00, 0x00, 0x00, 0x00, 0x00, 0x72, 0xfe, 0xfb, 0x44,  //         =@@:
    0x00, 0x00, 0x00, 0x00, 0x00, 0x00, 0x00, 0x00, 0x00, 0x00, 0x00, 0x00,  //             
    0x00, 0x00, 0x00, 0x00, 0x00, 0x00, 0x00, 0x00, 0x00, 0x00, 0x00, 0x00,  //             
    // Character 'a' (97)
    0x00, 0x00, 0x00, 0x00, 0x01, 0x51, 0xac, 0xdd, 0xf7, 0xf3, 0xde, 0xad, 0x94, 0xc6, 0x70,  //      -*%@@%*+#=
    0x00, 0x00, 0x00, 0x23, 0xc4, 0xff, 0xff, 0xff, 0xff, 0xff, 0xff, 0xff, 0xff, 0xff, 0x46,  //    .#@@@@@@@@@:
    0x00, 0x00, 0x23, 0xe4, 0xff, 0xf4, 0x7f, 0x26, 0x07, 0x1a, 0x53, 0xd1, 0xff, 0xff, 0x12,  //   .%@@=. .-%@@ 
    0x00, 0x03, 0xce, 0xff, 0xf1, 0x2d, 0x00, 0x00, 0x00, 0x00, 0x00, 0xb8, 0xff, 0xde, 0x00,  //   #@@.     #@% 
    0x00, 0x6b, 0xff, 0xff, 0x5e, 0x00, 0x00, 0x00, 0x00, 0x00, 0x00, 0xea, 0xff, 0xaa, 0x00,  //  =@@-      @@* 
    0x00, 0xd6, 0xff, 0xd2, 0x00, 0x00, 0x00, 0x00, 0x00, 0x00, 0x1e, 0xff, 0xff, 0x77, 0x00,  //  %@%      .@@= 
    0x2d, 0xff, 0xff, 0x72, 0x00, 0x00, 0x00, 0x00, 0x00, 0x00, 0x62, 0xff, 0xff, 0x43, 0x00,  // .@@=      -@@: 
    0x65, 0xff, 0xff, 0x34, 0x00, 0x00, 0x00, 0x00, 0x00, 0x00, 0xb0, 0xff, 0xfe, 0x10, 0x00,  // -@@:      *@@  
    0x8c, 0xff, 0xff, 0x08, 0x00, 0x00, 0x00, 0x00, 0x00, 0x22, 0xfd, 0xff, 0xde, 0x00, 0x00,  // +@@      .@@%  
    0x9e, 0xff, 0xf3, 0x00, 0x00, 0x00, 0x00, 0x00, 0x00, 0xa6, 0xff, 0xff, 0xb9, 0x00, 0x00,  // *@@      *@@#  
    0x9b, 0xff, 0xf8, 0x00, 0x00, 0x00, 0x00, 0x00, 0x4f, 0xff, 0xff, 0xff, 0x99, 0x00, 0x00,  // +@@     -@@@+  
    0x7c, 0xff, 0xff, 0x25, 0x00, 0x00, 0x00, 0x3a, 0xf4, 0xf6, 0xfb, 0xff, 0x7a, 0x00, 0x00,  // =@@.   :@@@@=  
    0x42, 0xff, 0xff, 0xb4, 0x19, 0x14, 0x7b, 0xf8, 0xff, 0x67, 0xfe, 0xff, 0x5d, 0x00, 0x00,  // :@@*  =@@-@@-  
    0x00, 0xb7, 0xff, 0xff, 0xff, 0xff, 0xff, 0xfa, 0x69, 0x22, 0xff, 0xff, 0x42, 0x00, 0x00,  //  #@@@@@@=.@@:  
    0x00, 0x0a, 0x8b, 0xe2, 0xf9, 0xdd, 0x9c, 0x2a, 0x00, 0x3e, 0xff, 0xff, 0x28, 0x00, 0x00,  //   +%@%*. :@@.  
    // Character 'b' (98)
    0x00, 0x00, 0x00, 0x1e, 0xff, 0xff, 0x6f, 0x00, 0x00, 0x00, 0x00, 0x00, 0x00, 0x00,  //    .@@=       
    0x00, 0x00, 0x00, 0x50, 0xff, 0xff, 0x3e, 0x00, 0x00, 0x00, 0x00, 0x00, 0x00, 0x00,  //    -@@:       
    0x00, 0x00, 0x00, 0x83, 0xff, 0xfe, 0x0e, 0x00, 0x00, 0x00, 0x00, 0x00, 0x00, 0x00,  //    +@@        
    0x00, 0x00, 0x00, 0xb6, 0xff, 0xdc, 0x00, 0x00, 0x00, 0x00, 0x00, 0x00, 0x00, 0x00,  //    #@%        
    0x00, 0x00, 0x00, 0xe8, 0xff, 0xac, 0x00, 0x00, 0x00, 0x00, 0x00, 0x00, 0x00, 0x00,  //    %@*        
    0x00, 0x00, 0x1b, 0xff, 0xff, 0x7b, 0x00, 0x00, 0x00, 0x00, 0x00, 0x00, 0x00, 0x00,  //   .@@=        
    0x00, 0x00, 0x4e, 0xff, 0xff, 0x3f, 0x08, 0x68, 0xc8, 0xf1, 0xef, 0xaf, 0x2a, 0x00,  //   -@@: =#@@*. 
    0x00, 0x00, 0x81, 0xff, 0xf4, 0x1f, 0xcc, 0xff, 0xff, 0xff, 0xff, 0xff, 0xef, 0x20,  //   =@@.#@@@@@@.
    0x00, 0x00, 0xb3, 0xff, 0xbc, 0xd1, 0xff, 0xba, 0x2e, 0x0c, 0x6a, 0xff, 0xff, 0x99,  //   *@#%@#. =@@+
    0x00, 0x00, 0xe6, 0xff, 0xf1, 0xff, 0x90, 0x00, 0x00, 0x00, 0x00, 0xcd, 0xff, 0xd3,  //   %@@@+    #@%
    0x00, 0x18, 0xff, 0xff, 0xff, 0xb1, 0x01, 0x00, 0x00, 0x00, 0x00, 0xa0, 0xff, 0xf2,  //   @@@*     *@@
    0x00, 0x4b, 0xff, 0xff, 0xf0, 0x1a, 0x00, 0x00, 0x00, 0x00, 0x00, 0x9d, 0xff, 0xf5,  //  :@@@.     *@@
    0x00, 0x7e, 0xff, 0xff, 0x82, 0x00, 0x00, 0x00, 0x00, 0x00, 0x00, 0xb0, 0xff, 0xe4,  //  =@@+      *@%
    0x00, 0xb1, 0xff, 0xfa, 0x16, 0x00, 0x00, 0x00, 0x00, 0x00, 0x00, 0xdf, 0xff, 0xbd,  //  *@@       %@#
    0x00, 0xe4, 0xff, 0xc1, 0x00, 0x00, 0x00, 0x00, 0x00, 0x00, 0x20, 0xff, 0xff, 0x85,  //  %@#      .@@+
    0x16, 0xff, 0xff, 0x7d, 0x00, 0x00, 0x00, 0x00, 0x00, 0x00, 0x7f, 0xff, 0xff, 0x2f,  //  @@=      =@@.
    0x49, 0xff, 0xff, 0x47, 0x00, 0x00, 0x00, 0x00, 0x00, 0x1a, 0xee, 0xff, 0xc3, 0x00,  // :@@:     .@@# 
    0x7c, 0xff, 0xff, 0x12, 0x00, 0x00, 0x00, 0x00, 0x09, 0xbd, 0xff, 0xfb, 0x2e, 0x00,  // =@@      #@@. 
    0xae, 0xff, 0xf8, 0x70, 0x28, 0x08, 0x14, 0x55, 0xd4, 0xff, 0xfe, 0x61, 0x00, 0x00,  // *@@=.  -%@@-  
    0xd0, 0xff, 0xff, 0xff, 0xff, 0xff, 0xff, 0xff, 0xff, 0xeb, 0x54, 0x00, 0x00, 0x00,  // %@@@@@@@@@-   
    0x05, 0x4c, 0xa1, 0xd5, 0xf2, 0xfb, 0xe8, 0xc5, 0x72, 0x13, 0x00, 0x00, 0x00, 0x00,  //  :*%@@%#=     
    // Character 'c' (99)
    0x00, 0x00, 0x00, 0x00, 0x00, 0x45, 0x9b, 0xd9, 0xf3, 0xf1, 0xd5, 0xa5, 0x49, 0x00,  //      :+%@@%*: 
    0x00, 0x00, 0x00, 0x24, 0xc2, 0xff, 0xff, 0xff, 0xff, 0xff, 0xff, 0xff, 0xf9, 0x08,  //    .#@@@@@@@@ 
    0x00, 0x00, 0x38, 0xed, 0xff, 0xf8, 0x88, 0x2e, 0x0a, 0x0c, 0x37, 0x8b, 0xb1, 0x00,  //   :@@@+.  :+* 
    0x00, 0x1a, 0xe8, 0xff, 0xea, 0x2e, 0x00, 0x00, 0x00, 0x00, 0x00, 0x00, 0x00, 0x00,  //  .%@@.        
    0x00, 0xa9, 0xff, 0xfd, 0x39, 0x00, 0x00, 0x00, 0x00, 0x00, 0x00, 0x00, 0x00, 0x00,  //  *@@:         
    0x28, 0xfe, 0xff, 0xa1, 0x00, 0x00, 0x00, 0x00, 0x00, 0x00, 0x00, 0x00, 0x00, 0x00,  // .@@*          
    0x7a, 0xff, 0xff, 0x3a, 0x00, 0x00, 0x00, 0x00, 0x00, 0x00, 0x00, 0x00, 0x00, 0x00,  // =@@:          
    0xbc, 0xff, 0xf3, 0x03, 0x00, 0x00, 0x00, 0x00, 0x00, 0x00, 0x00, 0x00, 0x00, 0x00,  // #@@           
    0xd8, 0xff, 0xcf, 0x00, 0x00, 0x00, 0x00, 0x00, 0x00, 0x00, 0x00, 0x00, 0x00, 0x00,  // %@#           
    0xea, 0xff, 0xc8, 0x00, 0x00, 0x00, 0x00, 0x00, 0x00, 0x00, 0x00, 0x00, 0x00, 0x00,  // @@#           
    0xde, 0xff, 0xec, 0x00, 0x00, 0x00, 0x00, 0x00, 0x00, 0x00, 0x00, 0x00, 0x00, 0x00,  // %@@           
    0xac, 0xff, 0xff, 0x57, 0x00, 0x00, 0x00, 0x00, 0x00, 0x00, 0x00, 0x00, 0x00, 0x00,  // *@@-          
    0x43, 0xff, 0xff, 0xf2, 0x76, 0x24, 0x08, 0x1d, 0x42, 0x97, 0x87, 0x00, 0x00, 0x00,  // :@@@=. .:++   
    0x00, 0x7a, 0xfe, 0xff, 0xff, 0xff, 0xff, 0xff, 0xff, 0xff, 0x98, 0x00, 0x00, 0x00,  //  =@@@@@@@@+   
    0x00, 0x00, 0x36, 0x9f, 0xdb, 0xf6, 0xf6, 0xdb, 0xb3, 0x69, 0x11, 0x00, 0x00, 0x00,  //   :*%@@%*=    
    // Character 'd' (100)
    0x00, 0x00, 0x00, 0x00, 0x00, 0x00, 0x00, 0x00, 0x00, 0x00, 0x00, 0x00, 0x00, 0xec, 0xff, 0x9e,  //              @@*
    0x00, 0x00, 0x00, 0x00, 0x00, 0x00, 0x00, 0x00, 0x00, 0x00, 0x00, 0x00, 0x1f, 0xff, 0xff, 0x6c,  //             .@@=
    0x00, 0x00, 0x00, 0x00, 0x00, 0x00, 0x00, 0x00, 0x00, 0x00, 0x00, 0x00, 0x50, 0xff, 0xff, 0x39,  //             -@@:
    0x00, 0x00, 0x00, 0x00, 0x00, 0x00, 0x00, 0x00, 0x00, 0x00, 0x00, 0x00, 0x82, 0xff, 0xfc, 0x0a,  //             +@@ 
    0x00, 0x00, 0x00, 0x00, 0x00, 0x00, 0x00, 0x00, 0x00, 0x00, 0x00, 0x00, 0xb3, 0xff, 0xd4, 0x00,  //             *@% 
    0x00, 0x00, 0x00, 0x00, 0x00, 0x00, 0x00, 0x00, 0x00, 0x00, 0x00, 0x00, 0xe5, 0xff, 0xa2, 0x00,  //             %@* 
    0x00, 0x00, 0x00, 0x00, 0x01, 0x51, 0xac, 0xdd, 0xf7, 0xfa, 0xe6, 0xb9, 0xff, 0xff, 0x6f, 0x00,  //      -*%@@%#@@= 
    0x00, 0x00, 0x00, 0x23, 0xc4, 0xff, 0xff, 0xff, 0xff, 0xff, 0xff, 0xff, 0xff, 0xff, 0x3d, 0x00,  //    .#@@@@@@@@@: 
    0x00, 0x00, 0x23, 0xe4, 0xff, 0xf4, 0x7f, 0x26, 0x07, 0x1a, 0x52, 0xcf, 0xff, 0xfd, 0x0c, 0x00,  //   .%@@=. .-#@@  
    0x00, 0x03, 0xce, 0xff, 0xf1, 0x2d, 0x00, 0x00, 0x00, 0x00, 0x00, 0xb7, 0xff, 0xd8, 0x00, 0x00,  //   #@@.     #@%  
    0x00, 0x6b, 0xff, 0xff, 0x5e, 0x00, 0x00, 0x00, 0x00, 0x00, 0x00, 0xe7, 0xff, 0xa5, 0x00, 0x00,  //  =@@-      %@*  
    0x00, 0xd6, 0xff, 0xd2, 0x00, 0x00, 0x00, 0x00, 0x00, 0x00, 0x17, 0xff, 0xff, 0x73, 0x00, 0x00,  //  %@%       @@=  
    0x2d, 0xff, 0xff, 0x72, 0x00, 0x00, 0x00, 0x00, 0x00, 0x00, 0x5a, 0xff, 0xff, 0x40, 0x00, 0x00,  // .@@=      -@@:  
    0x65, 0xff, 0xff, 0x34, 0x00, 0x00, 0x00, 0x00, 0x00, 0x00, 0xab, 0xff, 0xfe, 0x0f, 0x00, 0x00,  // -@@:      *@@   
    0x8c, 0xff, 0xff, 0x08, 0x00, 0x00, 0x00, 0x00, 0x00, 0x1f, 0xfb, 0xff, 0xde, 0x00, 0x00, 0x00,  // +@@      .@@%   
    0x9e, 0xff, 0xf3, 0x00, 0x00, 0x00, 0x00, 0x00, 0x00, 0xa1, 0xff, 0xff, 0xb9, 0x00, 0x00, 0x00,  // *@@      *@@#   
    0x9b, 0xff, 0xf8, 0x00, 0x00, 0x00, 0x00, 0x00, 0x4c, 0xff, 0xff, 0xff, 0x99, 0x00, 0x00, 0x00,  // +@@     :@@@+   
    0x7c, 0xff, 0xff, 0x25, 0x00, 0x00, 0x00, 0x37, 0xf3, 0xf6, 0xfb, 0xff, 0x7a, 0x00, 0x00, 0x00,  // =@@.   :@@@@=   
    0x42, 0xff, 0xff, 0xb4, 0x19, 0x14, 0x7a, 0xf7, 0xff, 0x67, 0xfe, 0xff, 0x5d, 0x00, 0x00, 0x00,  // :@@*  =@@-@@-   
    0x00, 0xb7, 0xff, 0xff, 0xff, 0xff, 0xff, 0xfa, 0x69, 0x22, 0xff, 0xff, 0x42, 0x00, 0x00, 0x00,  //  #@@@@@@=.@@:   
    0x00, 0x0a, 0x8b, 0xe3, 0xf9, 0xdd, 0x9c, 0x2a, 0x00, 0x3e, 0xff, 0xff, 0x28, 0x00, 0x00, 0x00,  //   +%@%*. :@@.   
    // Character 'e' (101)
    0x00, 0x00, 0x00, 0x00, 0x00, 0x2f, 0x94, 0xd8, 0xf5, 0xf5, 0xd5, 0x8e, 0x1d, 0x00, 0x00,  //      .+%@@%+.  
    0x00, 0x00, 0x00, 0x06, 0x92, 0xfd, 0xff, 0xff, 0xff, 0xff, 0xff, 0xff, 0xf2, 0x3c, 0x00,  //     +@@@@@@@@: 
    0x00, 0x00, 0x07, 0xb5, 0xff, 0xf9, 0x8b, 0x25, 0x06, 0x1a, 0x6f, 0xfb, 0xff, 0xd9, 0x00,  //    *@@+. .=@@% 
    0x00, 0x00, 0x90, 0xff, 0xf7, 0x3a, 0x00, 0x00, 0x00, 0x00, 0x00, 0xa3, 0xff, 0xff, 0x0f,  //   +@@:     *@@ 
    0x00, 0x34, 0xfe, 0xff, 0x63, 0x00, 0x00, 0x00, 0x00, 0x00, 0x02, 0xc8, 0xff, 0xf3, 0x02,  //  :@@-      #@@ 
    0x00, 0xab, 0xff, 0xd9, 0x03, 0x00, 0x03, 0x0e, 0x29, 0x60, 0xc5, 0xff, 0xff, 0x8b, 0x00,  //  *@%    .-#@@+ 
    0x0a, 0xf9, 0xff, 0xff, 0xff, 0xff, 0xff, 0xff, 0xff, 0xff, 0xff, 0xfd, 0x94, 0x05, 0x00,  //  @@@@@@@@@@@+  
    0x45, 0xff, 0xff, 0xff, 0xff, 0xff, 0xfb, 0xf1, 0xda, 0xb5, 0x79, 0x23, 0x00, 0x00, 0x00,  // :@@@@@@@%*=.   
    0x67, 0xff, 0xff, 0x29, 0x00, 0x00, 0x00, 0x00, 0x00, 0x00, 0x00, 0x00, 0x00, 0x00, 0x00,  // -@@.           
    0x7a, 0xff, 0xff, 0x1f, 0x00, 0x00, 0x00, 0x00, 0x00, 0x00, 0x00, 0x00, 0x00, 0x00, 0x00,  // =@@.           
    0x70, 0xff, 0xff, 0x43, 0x00, 0x00, 0x00, 0x00, 0x00, 0x00, 0x00, 0x00, 0x00, 0x00, 0x00,  // =@@:           
    0x41, 0xff, 0xff, 0xad, 0x00, 0x00, 0x00, 0x00, 0x00, 0x00, 0x00, 0x00, 0x00, 0x00, 0x00,  // :@@*           
    0x03, 0xda, 0xff, 0xff, 0x9c, 0x2f, 0x07, 0x07, 0x1e, 0x4d, 0x91, 0xaf, 0x00, 0x00, 0x00,  //  %@@*.  .:+*   
    0x00, 0x32, 0xeb, 0xff, 0xff, 0xff, 0xff, 0xff, 0xff, 0xff, 0xff, 0xcc, 0x00, 0x00, 0x00,  //  .@@@@@@@@@#   
    0x00, 0x00, 0x17, 0x83, 0xcb, 0xf0, 0xfc, 0xf4, 0xd9, 0xac, 0x6c, 0x1b, 0x00, 0x00, 0x00,  //    +#@@@%*=.   
    // Character 'f' (102)
    0x00, 0x00, 0x00, 0x00, 0x00, 0x00, 0x00, 0x00, 0x00, 0x00, 0x00, 0x00, 0x22, 0x8b, 0xcd, 0xf0, 0xfc, 0xf3, 0xe1, 0xb3,  //             .+#@@@%*
    0x00, 0x00, 0x00, 0x00, 0x00, 0x00, 0x00, 0x00, 0x00, 0x00, 0x00, 0x5f, 0xf7, 0xff, 0xff, 0xff, 0xff, 0xff, 0xff, 0xad,  //            -@@@@@@@*
    0x00, 0x00, 0x00, 0x00, 0x00, 0x00, 0x00, 0x00, 0x00, 0x00, 0x3f, 0xfd, 0xff, 0xd9, 0x54, 0x1a, 0x00, 0x00, 0x00, 0x00,  //           :@@%-.    
    0x00, 0x00, 0x00, 0x00, 0x00, 0x00, 0x00, 0x00, 0x00, 0x00, 0xce, 0xff, 0xdf, 0x10, 0x00, 0x00, 0x00, 0x00, 0x00, 0x00,  //           #@%       
    0x00, 0x00, 0x00, 0x00, 0x00, 0x00, 0x00, 0x00, 0x00, 0x33, 0xff, 0xff, 0x66, 0x00, 0x00, 0x00, 0x00, 0x00, 0x00, 0x00,  //          .@@-       
    0x00, 0x00, 0x00, 0x00, 0x00, 0x00, 0x00, 0x00, 0x00, 0x78, 0xff, 0xff, 0x19, 0x00, 0x00, 0x00, 0x00, 0x00, 0x00, 0x00,  //          =@@        
    0x00, 0x00, 0x00, 0x00, 0x00, 0x00, 0x00, 0x00, 0x00, 0xb8, 0xff, 0xdc, 0x00, 0x00, 0x00, 0x00, 0x00, 0x00, 0x00, 0x00,  //          #@%        
    0x00, 0x00, 0x00, 0x00, 0x00, 0x00, 0x00, 0x00, 0x03, 0xf2, 0xff, 0x9e, 0x00, 0x00, 0x00, 0x00, 0x00, 0x00, 0x00, 0x00,  //          @@*        
    0x00, 0x00, 0x00, 0x00, 0xeb, 0xff, 0xff, 0xff, 0xff, 0xff, 0xff, 0xff, 0xff, 0xff, 0xff, 0xff, 0xff, 0xdc, 0x00, 0x00,  //     @@@@@@@@@@@@@%  
    0x00, 0x00, 0x00, 0x21, 0xff, 0xff, 0xff, 0xff, 0xff, 0xff, 0xff, 0xff, 0xff, 0xff, 0xff, 0xff, 0xff, 0xa6, 0x00, 0x00,  //    .@@@@@@@@@@@@@*  
    0x00, 0x00, 0x00, 0x00, 0x00, 0x00, 0x00, 0x00, 0x99, 0xff, 0xf9, 0x05, 0x00, 0x00, 0x00, 0x00, 0x00, 0x00, 0x00, 0x00,  //         +@@         
    0x00, 0x00, 0x00, 0x00, 0x00, 0x00, 0x00, 0x00, 0xc9, 0xff, 0xcd, 0x00, 0x00, 0x00, 0x00, 0x00, 0x00, 0x00, 0x00, 0x00,  //         #@#         
    0x00, 0x00, 0x00, 0x00, 0x00, 0x00, 0x00, 0x03, 0xf6, 0xff, 0x9c, 0x00, 0x00, 0x00, 0x00, 0x00, 0x00, 0x00, 0x00, 0x00,  //         @@*         
    0x00, 0x00, 0x00, 0x00, 0x00, 0x00, 0x00, 0x2b, 0xff, 0xff, 0x6a, 0x00, 0x00, 0x00, 0x00, 0x00, 0x00, 0x00, 0x00, 0x00,  //        .@@=         
    0x00, 0x00, 0x00, 0x00, 0x00, 0x00, 0x00, 0x5c, 0xff, 0xff, 0x39, 0x00, 0x00, 0x00, 0x00, 0x00, 0x00, 0x00, 0x00, 0x00,  //        -@@:         
    0x00, 0x00, 0x00, 0x00, 0x00, 0x00, 0x00, 0x8d, 0xff, 0xfd, 0x0a, 0x00, 0x00, 0x00, 0x00, 0x00, 0x00, 0x00, 0x00, 0x00,  //        +@@          
    0x00, 0x00, 0x00, 0x00, 0x00, 0x00, 0x00, 0xbe, 0xff, 0xd6, 0x00, 0x00, 0x00, 0x00, 0x00, 0x00, 0x00, 0x00, 0x00, 0x00,  //        #@%          
    0x00, 0x00, 0x00, 0x00, 0x00, 0x00, 0x00, 0xee, 0xff, 0xa5, 0x00, 0x00, 0x00, 0x00, 0x00, 0x00, 0x00, 0x00, 0x00, 0x00,  //        @@*          
    0x00, 0x00, 0x00, 0x00, 0x00, 0x00, 0x20, 0xff, 0xff, 0x73, 0x00, 0x00, 0x00, 0x00, 0x00, 0x00, 0x00, 0x00, 0x00, 0x00,  //       .@@=          
    0x00, 0x00, 0x00, 0x00, 0x00, 0x00, 0x51, 0xff, 0xff, 0x42, 0x00, 0x00, 0x00, 0x00, 0x00, 0x00, 0x00, 0x00, 0x00, 0x00,  //       -@@:          
    0x00, 0x00, 0x00, 0x00, 0x00, 0x00, 0x82, 0xff, 0xff, 0x11, 0x00, 0x00, 0x00, 0x00, 0x00, 0x00, 0x00, 0x00, 0x00, 0x00,  //       +@@           
    0x00, 0x00, 0x00, 0x00, 0x00, 0x00, 0xbf, 0xff, 0xd8, 0x00, 0x00, 0x00, 0x00, 0x00, 0x00, 0x00, 0x00, 0x00, 0x00, 0x00,  //       #@%           
    0x00, 0x00, 0x00, 0x00, 0x00, 0x1d, 0xfd, 0xff, 0x8a, 0x00, 0x00, 0x00, 0x00, 0x00, 0x00, 0x00, 0x00, 0x00, 0x00, 0x00,  //      .@@+           
    0x00, 0x00, 0x00, 0x00, 0x01, 0xb7, 0xff, 0xfc, 0x23, 0x00, 0x00, 0x00, 0x00, 0x00, 0x00, 0x00, 0x00, 0x00, 0x00, 0x00,  //      #@@.           
    0x00, 0x00, 0x07, 0x35, 0xb2, 0xff, 0xff, 0x8b, 0x00, 0x00, 0x00, 0x00, 0x00, 0x00, 0x00, 0x00, 0x00, 0x00, 0x00, 0x00,  //    :*@@+            
    0x3b, 0xff, 0xff, 0xff, 0xff, 0xff, 0xa1, 0x03, 0x00, 0x00, 0x00, 0x00, 0x00, 0x00, 0x00, 0x00, 0x00, 0x00, 0x00, 0x00,  // :@@@@@*             
    0x6b, 0xfd, 0xf7, 0xde, 0xa6, 0x44, 0x00, 0x00, 0x00, 0x00, 0x00, 0x00, 0x00, 0x00, 0x00, 0x00, 0x00, 0x00, 0x00, 0x00,  // =@@%*:              
    // Character 'g' (103)
    0x00, 0x00, 0x00, 0x00, 0x00, 0x01, 0x51, 0xac, 0xdd, 0xf7, 0xf3, 0xde, 0xad, 0x94, 0xc6, 0x70,  //       -*%@@%*+#=
    0x00, 0x00, 0x00, 0x00, 0x23, 0xc4, 0xff, 0xff, 0xff, 0xff, 0xff, 0xff, 0xff, 0xff, 0xff, 0x46,  //     .#@@@@@@@@@:
    0x00, 0x00, 0x00, 0x23, 0xe4, 0xff, 0xf4, 0x7f, 0x26, 0x07, 0x1f, 0x82, 0xf2, 0xff, 0xff, 0x12,  //    .%@@=. .+@@@ 
    0x00, 0x00, 0x03, 0xce, 0xff, 0xf1, 0x2d, 0x00, 0x00, 0x00, 0x00, 0x00, 0xa7, 0xff, 0xde, 0x00,  //    #@@.     *@% 
    0x00, 0x00, 0x6b, 0xff, 0xff, 0x5e, 0x00, 0x00, 0x00, 0x00, 0x00, 0x00, 0xdc, 0xff, 0xaa, 0x00,  //   =@@-      %@* 
    0x00, 0x00, 0xd6, 0xff, 0xd2, 0x00, 0x00, 0x00, 0x00, 0x00, 0x00, 0x12, 0xff, 0xff, 0x76, 0x00,  //   %@%       @@= 
    0x00, 0x2d, 0xff, 0xff, 0x72, 0x00, 0x00, 0x00, 0x00, 0x00, 0x00, 0x57, 0xff, 0xff, 0x42, 0x00,  //  .@@=      -@@: 
    0x00, 0x65, 0xff, 0xff, 0x34, 0x00, 0x00, 0x00, 0x00, 0x00, 0x00, 0xb0, 0xff, 0xfe, 0x0f, 0x00,  //  -@@:      *@@  
    0x00, 0x8c, 0xff, 0xff, 0x08, 0x00, 0x00, 0x00, 0x00, 0x00, 0x22, 0xfd, 0xff, 0xda, 0x00, 0x00,  //  +@@      .@@%  
    0x00, 0x9e, 0xff, 0xf3, 0x00, 0x00, 0x00, 0x00, 0x00, 0x00, 0xa6, 0xff, 0xff, 0xa6, 0x00, 0x00,  //  *@@      *@@*  
    0x00, 0x9b, 0xff, 0xf8, 0x00, 0x00, 0x00, 0x00, 0x00, 0x51, 0xff, 0xff, 0xff, 0x72, 0x00, 0x00,  //  +@@     -@@@=  
    0x00, 0x7c, 0xff, 0xff, 0x25, 0x00, 0x00, 0x00, 0x3a, 0xf5, 0xfb, 0xff, 0xff, 0x3e, 0x00, 0x00,  //  =@@.   :@@@@:  
    0x00, 0x42, 0xff, 0xff, 0xb4, 0x19, 0x14, 0x7b, 0xf8, 0xff, 0xa5, 0xff, 0xfd, 0x0c, 0x00, 0x00,  //  :@@*  =@@*@@   
    0x00, 0x00, 0xb7, 0xff, 0xff, 0xff, 0xff, 0xff, 0xfb, 0x69, 0x97, 0xff, 0xd7, 0x00, 0x00, 0x00,  //   #@@@@@@=+@%   
    0x00, 0x00, 0x0a, 0x8b, 0xe2, 0xf9, 0xde, 0x9e, 0x2d, 0x00, 0xd7, 0xff, 0xa3, 0x00, 0x00, 0x00,  //    +%@%*. %@*   
    0x00, 0x00, 0x00, 0x00, 0x00, 0x00, 0x00, 0x00, 0x00, 0x1e, 0xff, 0xff, 0x6d, 0x00, 0x00, 0x00,  //          .@@=   
    0x00, 0x00, 0x00, 0x00, 0x00, 0x00, 0x00, 0x00, 0x00, 0x7f, 0xff, 0xff, 0x2a, 0x00, 0x00, 0x00,  //          =@@.   
    0x00, 0x00, 0x00, 0x00, 0x00, 0x00, 0x00, 0x00, 0x1b, 0xf2, 0xff, 0xc7, 0x00, 0x00, 0x00, 0x00,  //         .@@#    
    0x00, 0x7d, 0xb9, 0x54, 0x1a, 0x04, 0x10, 0x52, 0xdc, 0xff, 0xfa, 0x38, 0x00, 0x00, 0x00, 0x00,  //  =#-.  -%@@:    
    0x29, 0xf9, 0xff, 0xff, 0xff, 0xff, 0xff, 0xff, 0xff, 0xf1, 0x50, 0x00, 0x00, 0x00, 0x00, 0x00,  // .@@@@@@@@@-     
    0x0b, 0x60, 0xaa, 0xda, 0xf4, 0xfc, 0xef, 0xc8, 0x80, 0x18, 0x00, 0x00, 0x00, 0x00, 0x00, 0x00,  //  -*%@@@#=       
    // Character 'h' (104)
    0x00, 0x00, 0x00, 0x00, 0x1e, 0xff, 0xff, 0x6f, 0x00, 0x00, 0x00, 0x00, 0x00, 0x00, 0x00, 0x00,  //     .@@=        
    0x00, 0x00, 0x00, 0x00, 0x50, 0xff, 0xff, 0x3e, 0x00, 0x00, 0x00, 0x00, 0x00, 0x00, 0x00, 0x00,  //     -@@:        
    0x00, 0x00, 0x00, 0x00, 0x83, 0xff, 0xfe, 0x0e, 0x00, 0x00, 0x00, 0x00, 0x00, 0x00, 0x00, 0x00,  //     +@@         
    0x00, 0x00, 0x00, 0x00, 0xb6, 0xff, 0xdc, 0x00, 0x00, 0x00, 0x00, 0x00, 0x00, 0x00, 0x00, 0x00,  //     #@%         
    0x00, 0x00, 0x00, 0x00, 0xe8, 0xff, 0xab, 0x00, 0x00, 0x00, 0x00, 0x00, 0x00, 0x00, 0x00, 0x00,  //     %@*         
    0x00, 0x00, 0x00, 0x1b, 0xff, 0xff, 0x7a, 0x00, 0x00, 0x00, 0x00, 0x00, 0x00, 0x00, 0x00, 0x00,  //    .@@=         
    0x00, 0x00, 0x00, 0x4e, 0xff, 0xff, 0x45, 0x08, 0x69, 0xc9, 0xf2, 0xf1, 0xbb, 0x39, 0x00, 0x00,  //    -@@: =#@@#:  
    0x00, 0x00, 0x00, 0x80, 0xff, 0xf8, 0x24, 0xcd, 0xff, 0xff, 0xff, 0xff, 0xff, 0xf7, 0x2b, 0x00,  //    =@@.#@@@@@@. 
    0x00, 0x00, 0x00, 0xb3, 0xff, 0xc7, 0xd3, 0xff, 0xb2, 0x2f, 0x0f, 0x76, 0xff, 0xff, 0x91, 0x00,  //    *@#%@*. =@@+ 
    0x00, 0x00, 0x00, 0xe6, 0xff, 0xf7, 0xff, 0x91, 0x01, 0x00, 0x00, 0x01, 0xf0, 0xff, 0xb6, 0x00,  //    %@@@+    @@# 
    0x00, 0x00, 0x18, 0xff, 0xff, 0xff, 0xb5, 0x01, 0x00, 0x00, 0x00, 0x00, 0xe3, 0xff, 0xaf, 0x00,  //    @@@*     %@* 
    0x00, 0x00, 0x4b, 0xff, 0xff, 0xf3, 0x1a, 0x00, 0x00, 0x00, 0x00, 0x04, 0xfb, 0xff, 0x8c, 0x00,  //   :@@@.     @@+ 
    0x00, 0x00, 0x7e, 0xff, 0xff, 0x86, 0x00, 0x00, 0x00, 0x00, 0x00, 0x2f, 0xff, 0xff, 0x5b, 0x00,  //   =@@+     .@@- 
    0x00, 0x00, 0xb0, 0xff, 0xfc, 0x1c, 0x00, 0x00, 0x00, 0x00, 0x00, 0x62, 0xff, 0xff, 0x28, 0x00,  //   *@@.     -@@. 
    0x00, 0x00, 0xe3, 0xff, 0xc0, 0x00, 0x00, 0x00, 0x00, 0x00, 0x00, 0x96, 0xff, 0xf2, 0x02, 0x00,  //   %@#      +@@  
    0x00, 0x15, 0xff, 0xff, 0x7e, 0x00, 0x00, 0x00, 0x00, 0x00, 0x00, 0xc9, 0xff, 0xc1, 0x00, 0x00,  //   @@=      #@#  
    0x00, 0x48, 0xff, 0xff, 0x49, 0x00, 0x00, 0x00, 0x00, 0x00, 0x04, 0xf7, 0xff, 0x8e, 0x00, 0x00,  //  :@@:      @@+  
    0x00, 0x7b, 0xff, 0xff, 0x16, 0x00, 0x00, 0x00, 0x00, 0x00, 0x30, 0xff, 0xff, 0x5b, 0x00, 0x00,  //  =@@      .@@-  
    0x00, 0xae, 0xff, 0xe3, 0x00, 0x00, 0x00, 0x00, 0x00, 0x00, 0x64, 0xff, 0xff, 0x27, 0x00, 0x00,  //  *@%      -@@.  
    0x00, 0xe0, 0xff, 0xb0, 0x00, 0x00, 0x00, 0x00, 0x00, 0x00, 0x97, 0xff, 0xf2, 0x01, 0x00, 0x00,  //  %@*      +@@   
    0x13, 0xff, 0xff, 0x7d, 0x00, 0x00, 0x00, 0x00, 0x00, 0x00, 0xca, 0xff, 0xc1, 0x00, 0x00, 0x00,  //  @@=      #@#   
    // Character 'i' (105)
    0x00, 0x00, 0x00, 0x00, 0x00, 0x00, 0x49, 0xdf, 0xe5, 0x4e, 0x00, 0x00,  //       :%%-  
    0x00, 0x00, 0x00, 0x00, 0x00, 0x00, 0xea, 0xff, 0xff, 0xe1, 0x00, 0x00,  //       @@@%  
    0x00, 0x00, 0x00, 0x00, 0x00, 0x02, 0xf4, 0xff, 0xff, 0xd5, 0x00, 0x00,  //       @@@%  
    0x00, 0x00, 0x00, 0x00, 0x00, 0x00, 0x60, 0xeb, 0xdb, 0x3e, 0x00, 0x00,  //       -@%:  
    0x00, 0x00, 0x00, 0x00, 0x00, 0x00, 0x00, 0x00, 0x00, 0x00, 0x00, 0x00,  //             
    0x00, 0x00, 0x00, 0x00, 0x00, 0x00, 0x00, 0x00, 0x00, 0x00, 0x00, 0x00,  //             
    0x0c, 0x5a, 0xaf, 0xe2, 0xf9, 0xf5, 0xc2, 0x33, 0x00, 0x00, 0x00, 0x00,  //  -*%@@#.    
    0x88, 0xff, 0xff, 0xff, 0xff, 0xff, 0xff, 0xe4, 0x04, 0x00, 0x00, 0x00,  // +@@@@@@%    
    0x7b, 0xa1, 0x4a, 0x14, 0x0b, 0xb1, 0xff, 0xff, 0x2b, 0x00, 0x00, 0x00,  // =*:  *@@.   
    0x00, 0x00, 0x00, 0x00, 0x00, 0x69, 0xff, 0xff, 0x31, 0x00, 0x00, 0x00,  //      =@@.   
    0x00, 0x00, 0x00, 0x00, 0x00, 0x7a, 0xff, 0xff, 0x16, 0x00, 0x00, 0x00,  //      =@@    
    0x00, 0x00, 0x00, 0x00, 0x00, 0xa4, 0xff, 0xeb, 0x00, 0x00, 0x00, 0x00,  //      *@@    
    0x00, 0x00, 0x00, 0x00, 0x00, 0xd8, 0xff, 0xb6, 0x00, 0x00, 0x00, 0x00,  //      %@#    
    0x00, 0x00, 0x00, 0x00, 0x0d, 0xfe, 0xff, 0x81, 0x00, 0x00, 0x00, 0x00,  //      @@=    
    0x00, 0x00, 0x00, 0x00, 0x40, 0xff, 0xff, 0x4c, 0x00, 0x00, 0x00, 0x00,  //     :@@:    
    0x00, 0x00, 0x00, 0x00, 0x73, 0xff, 0xff, 0x17, 0x00, 0x00, 0x00, 0x00,  //     =@@     
    0x00, 0x00, 0x00, 0x00, 0x9f, 0xff, 0xea, 0x00, 0x00, 0x00, 0x00, 0x00,  //     *@@     
    0x00, 0x00, 0x00, 0x00, 0xba, 0xff, 0xdb, 0x00, 0x00, 0x00, 0x00, 0x00,  //     #@%     
    0x00, 0x00, 0x00, 0x00, 0xb4, 0xff, 0xfb, 0x32, 0x07, 0x2c, 0x76, 0xd1,  //     *@@. .=%
    0x00, 0x00, 0x00, 0x00, 0x73, 0xff, 0xff, 0xff, 0xff, 0xff, 0xff, 0xff,  //     =@@@@@@@
    0x00, 0x00, 0x00, 0x00, 0x04, 0x8f, 0xe6, 0xfc, 0xf0, 0xcb, 0x84, 0x2b,  //      +%@@#+.
    // Character 'j' (106)
    0x00, 0x00, 0x00, 0x00, 0x00, 0x00, 0x00, 0x00, 0x00, 0x00, 0x00, 0x00, 0x06, 0xa7, 0xf2, 0xb3, 0x09,  //              *@* 
    0x00, 0x00, 0x00, 0x00, 0x00, 0x00, 0x00, 0x00, 0x00, 0x00, 0x00, 0x00, 0x67, 0xff, 0xff, 0xff, 0x65,  //             -@@@-
    0x00, 0x00, 0x00, 0x00, 0x00, 0x00, 0x00, 0x00, 0x00, 0x00, 0x00, 0x00, 0x72, 0xff, 0xff, 0xff, 0x59,  //             =@@@-
    0x00, 0x00, 0x00, 0x00, 0x00, 0x00, 0x00, 0x00, 0x00, 0x00, 0x00, 0x00, 0x10, 0xbc, 0xf3, 0xa2, 0x04,  //              #@* 
    0x00, 0x00, 0x00, 0x00, 0x00, 0x00, 0x00, 0x00, 0x00, 0x00, 0x00, 0x00, 0x00, 0x00, 0x00, 0x00, 0x00,  //                  
    0x00, 0x00, 0x00, 0x00, 0x00, 0x00, 0x00, 0x00, 0x00, 0x00, 0x00, 0x00, 0x00, 0x00, 0x00, 0x00, 0x00,  //                  
    0x00, 0x00, 0x00, 0x00, 0x00, 0x04, 0x3b, 0x82, 0xc0, 0xe5, 0xf6, 0xfa, 0xe2, 0x93, 0x0c, 0x00, 0x00,  //       :+#%@@%+   
    0x00, 0x00, 0x00, 0x00, 0x00, 0x58, 0xff, 0xff, 0xff, 0xff, 0xff, 0xff, 0xff, 0xff, 0x9c, 0x00, 0x00,  //      -@@@@@@@@*  
    0x00, 0x00, 0x00, 0x00, 0x00, 0x53, 0xc4, 0x7c, 0x3c, 0x15, 0x05, 0x2e, 0xe9, 0xff, 0xe9, 0x00, 0x00,  //      -#=:  .%@%  
    0x00, 0x00, 0x00, 0x00, 0x00, 0x00, 0x00, 0x00, 0x00, 0x00, 0x00, 0x00, 0xad, 0xff, 0xf2, 0x00, 0x00,  //             *@@  
    0x00, 0x00, 0x00, 0x00, 0x00, 0x00, 0x00, 0x00, 0x00, 0x00, 0x00, 0x00, 0xb9, 0xff, 0xd7, 0x00, 0x00,  //             #@%  
    0x00, 0x00, 0x00, 0x00, 0x00, 0x00, 0x00, 0x00, 0x00, 0x00, 0x00, 0x00, 0xe4, 0xff, 0xab, 0x00, 0x00,  //             %@*  
    0x00, 0x00, 0x00, 0x00, 0x00, 0x00, 0x00, 0x00, 0x00, 0x00, 0x00, 0x17, 0xff, 0xff, 0x78, 0x00, 0x00,  //             @@=  
    0x00, 0x00, 0x00, 0x00, 0x00, 0x00, 0x00, 0x00, 0x00, 0x00, 0x00, 0x4c, 0xff, 0xff, 0x44, 0x00, 0x00,  //            :@@:  
    0x00, 0x00, 0x00, 0x00, 0x00, 0x00, 0x00, 0x00, 0x00, 0x00, 0x00, 0x7f, 0xff, 0xff, 0x12, 0x00, 0x00,  //            =@@   
    0x00, 0x00, 0x00, 0x00, 0x00, 0x00, 0x00, 0x00, 0x00, 0x00, 0x00, 0xb3, 0xff, 0xde, 0x00, 0x00, 0x00,  //            *@%   
    0x00, 0x00, 0x00, 0x00, 0x00, 0x00, 0x00, 0x00, 0x00, 0x00, 0x00, 0xe6, 0xff, 0xaa, 0x00, 0x00, 0x00,  //            %@*   
    0x00, 0x00, 0x00, 0x00, 0x00, 0x00, 0x00, 0x00, 0x00, 0x00, 0x1a, 0xff, 0xff, 0x77, 0x00, 0x00, 0x00,  //           .@@=   
    0x00, 0x00, 0x00, 0x00, 0x00, 0x00, 0x00, 0x00, 0x00, 0x00, 0x4e, 0xff, 0xff, 0x44, 0x00, 0x00, 0x00,  //           -@@:   
    0x00, 0x00, 0x00, 0x00, 0x00, 0x00, 0x00, 0x00, 0x00, 0x00, 0x82, 0xff, 0xff, 0x11, 0x00, 0x00, 0x00,  //           +@@    
    0x00, 0x00, 0x00, 0x00, 0x00, 0x00, 0x00, 0x00, 0x00, 0x00, 0xb9, 0xff, 0xdd, 0x00, 0x00, 0x00, 0x00,  //           #@%    
    0x00, 0x00, 0x00, 0x00, 0x00, 0x00, 0x00, 0x00, 0x00, 0x0a, 0xf5, 0xff, 0x9d, 0x00, 0x00, 0x00, 0x00,  //           @@*    
    0x00, 0x00, 0x00, 0x00, 0x00, 0x00, 0x00, 0x00, 0x00, 0x67, 0xff, 0xff, 0x4b, 0x00, 0x00, 0x00, 0x00,  //          -@@:    
    0x00, 0x36, 0xab, 0x06, 0x00, 0x00, 0x00, 0x00, 0x1d, 0xe9, 0xff, 0xce, 0x01, 0x00, 0x00, 0x00, 0x00,  //  :*     .%@#     
    0x1d, 0xec, 0xff, 0xcd, 0x4a, 0x0e, 0x0e, 0x57, 0xe3, 0xff, 0xf2, 0x2c, 0x00, 0x00, 0x00, 0x00, 0x00,  // .@@#:  -%@@.     
    0x01, 0x88, 0xfd, 0xff, 0xff, 0xff, 0xff, 0xff, 0xff, 0xe3, 0x38, 0x00, 0x00, 0x00, 0x00, 0x00, 0x00,  //  +@@@@@@@%:      
    0x00, 0x00, 0x33, 0x9c, 0xdc, 0xf7, 0xf1, 0xc8, 0x77, 0x0f, 0x00, 0x00, 0x00, 0x00, 0x00, 0x00, 0x00,  //   .*%@@#=        
    // Character 'k' (107)
    0x00, 0x00, 0x00, 0x00, 0xe2, 0xff, 0xab, 0x00, 0x00, 0x00, 0x00, 0x00, 0x00, 0x00,  //     %@*       
    0x00, 0x00, 0x00, 0x13, 0xff, 0xff, 0x7b, 0x00, 0x00, 0x00, 0x00, 0x00, 0x00, 0x00,  //     @@=       
    0x00, 0x00, 0x00, 0x46, 0xff, 0xff, 0x4a, 0x00, 0x00, 0x00, 0x00, 0x00, 0x00, 0x00,  //    :@@:       
    0x00, 0x00, 0x00, 0x79, 0xff, 0xff, 0x1a, 0x00, 0x00, 0x00, 0x00, 0x00, 0x00, 0x00,  //    =@@.       
    0x00, 0x00, 0x00, 0xab, 0xff, 0xea, 0x00, 0x00, 0x00, 0x00, 0x00, 0x00, 0x00, 0x00,  //    *@@        
    0x00, 0x00, 0x00, 0xde, 0xff, 0xb9, 0x00, 0x00, 0x00, 0x00, 0x00, 0x00, 0x00, 0x00,  //    %@#        
    0x00, 0x00, 0x11, 0xff, 0xff, 0x82, 0x02, 0x58, 0xbd, 0xea, 0xf7, 0xc8, 0x47, 0x00,  //    @@+ -#@@#: 
    0x00, 0x00, 0x43, 0xff, 0xff, 0x4b, 0xb9, 0xff, 0xff, 0xff, 0xff, 0xff, 0xff, 0x4b,  //   :@@:#@@@@@@:
    0x00, 0x00, 0x75, 0xff, 0xef, 0xc1, 0xff, 0xd2, 0x46, 0x0c, 0x46, 0xf6, 0xff, 0xcf,  //   =@@#@%: :@@#
    0x00, 0x00, 0xa8, 0xff, 0xfe, 0xff, 0xc0, 0x0c, 0x00, 0x00, 0x00, 0xa5, 0xff, 0xf0,  //   *@@@#    *@@
    0x00, 0x00, 0xda, 0xff, 0xff, 0xe2, 0x11, 0x00, 0x00, 0x00, 0x00, 0xb7, 0xff, 0xce,  //   %@@%     #@#
    0x00, 0x0e, 0xfe, 0xff, 0xff, 0x4b, 0x00, 0x00, 0x00, 0x02, 0x74, 0xff, 0xff, 0x57,  //   @@@:    =@@-
    0x00, 0x3f, 0xff, 0xff, 0xc6, 0x12, 0x2b, 0x53, 0x8d, 0xe0, 0xff, 0xf8, 0x71, 0x00,  //  :@@# .-+%@@= 
    0x00, 0x72, 0xff, 0xff, 0x6d, 0xee, 0xff, 0xff, 0xff, 0xe6, 0x95, 0x1d, 0x00, 0x00,  //  =@@=@@@@%+.  
    0x00, 0xa4, 0xff, 0xf7, 0x08, 0x65, 0xff, 0xff, 0xa5, 0x00, 0x00, 0x00, 0x00, 0x00,  //  *@@ -@@*     
    0x00, 0xd7, 0xff, 0xbe, 0x00, 0x01, 0xc4, 0xff, 0xfd, 0x39, 0x00, 0x00, 0x00, 0x00,  //  %@#  #@@:    
    0x0b, 0xfd, 0xff, 0x89, 0x00, 0x00, 0x2b, 0xfa, 0xff, 0xd8, 0x08, 0x00, 0x00, 0x00,  //  @@+  .@@%    
    0x3c, 0xff, 0xff, 0x56, 0x00, 0x00, 0x00, 0x87, 0xff, 0xff, 0x8a, 0x00, 0x00, 0x00,  // :@@-   +@@+   
    0x6e, 0xff, 0xff, 0x23, 0x00, 0x00, 0x00, 0x09, 0xdd, 0xff, 0xfc, 0x37, 0x00, 0x00,  // =@@.    %@@:  
    0xa1, 0xff, 0xef, 0x01, 0x00, 0x00, 0x00, 0x00, 0x48, 0xff, 0xff, 0xd6, 0x07, 0x00,  // *@@     :@@%  
    0xd3, 0xff, 0xbd, 0x00, 0x00, 0x00, 0x00, 0x00, 0x00, 0xa8, 0xff, 0xff, 0x87, 0x00,  // %@#      *@@+ 
    // Character 'l' (108)
    0x00, 0x00, 0x00, 0x3a, 0xff, 0xff, 0x62, 0x00, 0x00, 0x00, 0x00,  //    :@@-    
    0x00, 0x00, 0x00, 0x6e, 0xff, 0xff, 0x2f, 0x00, 0x00, 0x00, 0x00,  //    =@@.    
    0x00, 0x00, 0x00, 0xa2, 0xff, 0xf7, 0x04, 0x00, 0x00, 0x00, 0x00,  //    *@@     
    0x00, 0x00, 0x00, 0xd5, 0xff, 0xc9, 0x00, 0x00, 0x00, 0x00, 0x00,  //    %@#     
    0x00, 0x00, 0x0b, 0xfd, 0xff, 0x96, 0x00, 0x00, 0x00, 0x00, 0x00,  //    @@+     
    0x00, 0x00, 0x3d, 0xff, 0xff, 0x63, 0x00, 0x00, 0x00, 0x00, 0x00,  //   :@@-     
    0x00, 0x00, 0x70, 0xff, 0xff, 0x30, 0x00, 0x00, 0x00, 0x00, 0x00,  //   =@@.     
    0x00, 0x00, 0xa4, 0xff, 0xf8, 0x05, 0x00, 0x00, 0x00, 0x00, 0x00,  //   *@@      
    0x00, 0x00, 0xd8, 0xff, 0xcb, 0x00, 0x00, 0x00, 0x00, 0x00, 0x00,  //   %@#      
    0x00, 0x0d, 0xfe, 0xff, 0x98, 0x00, 0x00, 0x00, 0x00, 0x00, 0x00,  //   @@+      
    0x00, 0x3f, 0xff, 0xff, 0x65, 0x00, 0x00, 0x00, 0x00, 0x00, 0x00,  //  :@@-      
    0x00, 0x73, 0xff, 0xff, 0x32, 0x00, 0x00, 0x00, 0x00, 0x00, 0x00,  //  =@@.      
    0x00, 0xa7, 0xff, 0xf9, 0x06, 0x00, 0x00, 0x00, 0x00, 0x00, 0x00,  //  *@@       
    0x00, 0xda, 0xff, 0xcc, 0x00, 0x00, 0x00, 0x00, 0x00, 0x00, 0x00,  //  %@#       
    0x0d, 0xfe, 0xff, 0x9a, 0x00, 0x00, 0x00, 0x00, 0x00, 0x00, 0x00,  //  @@+       
    0x34, 0xff, 0xff, 0x6d, 0x00, 0x00, 0x00, 0x00, 0x00, 0x00, 0x00,  // :@@=       
    0x51, 0xff, 0xff, 0x4e, 0x00, 0x00, 0x00, 0x00, 0x00, 0x00, 0x00,  // -@@-       
    0x5b, 0xff, 0xff, 0x4c, 0x00, 0x00, 0x00, 0x00, 0x00, 0x00, 0x00,  // -@@:       
    0x42, 0xff, 0xff, 0xa7, 0x16, 0x0d, 0x26, 0x46, 0x7e, 0xc3, 0x4c,  // :@@*  .:=#:
    0x05, 0xe1, 0xff, 0xff, 0xff, 0xff, 0xff, 0xff, 0xff, 0xff, 0x50,  //  %@@@@@@@@-
    0x00, 0x25, 0xac, 0xe9, 0xfc, 0xf6, 0xe0, 0xb8, 0x79, 0x36, 0x03,  //  .*%@@%#=: 
    // Character 'm' (109)
    0x00, 0x00, 0x00, 0xd2, 0xff, 0x5a, 0x01, 0x77, 0xec, 0xee, 0x69, 0x00, 0x0d, 0xa0, 0xf5, 0xd7, 0x3f, 0x00,  //    %@- =@@=  *@%: 
    0x00, 0x00, 0x00, 0xeb, 0xff, 0x3f, 0x94, 0xff, 0xff, 0xff, 0xfd, 0x1a, 0xc7, 0xff, 0xff, 0xff, 0xd9, 0x00,  //    @@:+@@@@.#@@@% 
    0x00, 0x00, 0x08, 0xff, 0xff, 0x7b, 0xff, 0xb1, 0x35, 0xff, 0xff, 0xa6, 0xff, 0x7a, 0x68, 0xff, 0xf4, 0x00,  //    @@=@*:@@*@==@@ 
    0x00, 0x00, 0x25, 0xff, 0xff, 0xf1, 0xd4, 0x08, 0x2e, 0xff, 0xf9, 0xfd, 0x9d, 0x00, 0x6c, 0xff, 0xe1, 0x00,  //   .@@@% .@@@* =@% 
    0x00, 0x00, 0x42, 0xff, 0xff, 0xfe, 0x36, 0x00, 0x58, 0xff, 0xff, 0xe8, 0x0f, 0x00, 0x98, 0xff, 0xb8, 0x00,  //   :@@@: -@@%  +@# 
    0x00, 0x00, 0x62, 0xff, 0xff, 0xa8, 0x00, 0x00, 0x8a, 0xff, 0xff, 0x6c, 0x00, 0x00, 0xca, 0xff, 0x87, 0x00,  //   -@@*  +@@=  #@+ 
    0x00, 0x00, 0x87, 0xff, 0xff, 0x2f, 0x00, 0x00, 0xbd, 0xff, 0xea, 0x07, 0x00, 0x04, 0xf7, 0xff, 0x56, 0x00,  //   +@@.  #@@   @@- 
    0x00, 0x00, 0xb7, 0xff, 0xc8, 0x00, 0x00, 0x00, 0xef, 0xff, 0x88, 0x00, 0x00, 0x2f, 0xff, 0xff, 0x24, 0x00,  //   #@#   @@+  .@@. 
    0x00, 0x00, 0xe8, 0xff, 0x7a, 0x00, 0x00, 0x22, 0xff, 0xff, 0x3c, 0x00, 0x00, 0x61, 0xff, 0xf1, 0x01, 0x00,  //   %@=  .@@:  -@@  
    0x00, 0x1a, 0xff, 0xff, 0x3c, 0x00, 0x00, 0x55, 0xff, 0xf9, 0x06, 0x00, 0x00, 0x93, 0xff, 0xc1, 0x00, 0x00,  //  .@@:  -@@   +@#  
    0x00, 0x4c, 0xff, 0xfd, 0x0c, 0x00, 0x00, 0x88, 0xff, 0xce, 0x00, 0x00, 0x00, 0xc6, 0xff, 0x8f, 0x00, 0x00,  //  :@@   +@#   #@+  
    0x00, 0x7e, 0xff, 0xd7, 0x00, 0x00, 0x00, 0xbb, 0xff, 0x9b, 0x00, 0x00, 0x02, 0xf4, 0xff, 0x5d, 0x00, 0x00,  //  =@%   #@+   @@-  
    0x00, 0xb0, 0xff, 0xa5, 0x00, 0x00, 0x00, 0xec, 0xff, 0x69, 0x00, 0x00, 0x2a, 0xff, 0xff, 0x2c, 0x00, 0x00,  //  *@*   @@=  .@@.  
    0x00, 0xe2, 0xff, 0x73, 0x00, 0x00, 0x20, 0xff, 0xff, 0x37, 0x00, 0x00, 0x5d, 0xff, 0xf6, 0x03, 0x00, 0x00,  //  %@=  .@@:  -@@   
    0x13, 0xff, 0xff, 0x41, 0x00, 0x00, 0x53, 0xff, 0xfc, 0x09, 0x00, 0x00, 0x8f, 0xff, 0xc8, 0x00, 0x00, 0x00,  //  @@:  -@@   +@#   
    // Character 'n' (110)
    0x00, 0x00, 0x00, 0xd2, 0xff, 0x96, 0x00, 0x0b, 0x71, 0xce, 0xf3, 0xf2, 0xc1, 0x45, 0x00, 0x00,  //    %@+  =#@@#:  
    0x00, 0x00, 0x00, 0xeb, 0xff, 0x7b, 0x25, 0xd7, 0xff, 0xff, 0xff, 0xff, 0xff, 0xfc, 0x39, 0x00,  //    @@=.%@@@@@@: 
    0x00, 0x00, 0x08, 0xff, 0xff, 0x76, 0xe4, 0xff, 0xae, 0x2e, 0x0d, 0x68, 0xff, 0xff, 0x9e, 0x00,  //    @@=%@*. =@@* 
    0x00, 0x00, 0x24, 0xff, 0xff, 0xed, 0xff, 0x88, 0x00, 0x00, 0x00, 0x00, 0xe2, 0xff, 0xb9, 0x00,  //   .@@@@+    %@# 
    0x00, 0x00, 0x40, 0xff, 0xff, 0xff, 0xaa, 0x00, 0x00, 0x00, 0x00, 0x00, 0xe0, 0xff, 0xab, 0x00,  //   :@@@*     %@* 
    0x00, 0x00, 0x5e, 0xff, 0xff, 0xee, 0x13, 0x00, 0x00, 0x00, 0x00, 0x08, 0xfc, 0xff, 0x85, 0x00,  //   -@@@      @@+ 
    0x00, 0x00, 0x83, 0xff, 0xff, 0x7a, 0x00, 0x00, 0x00, 0x00, 0x00, 0x37, 0xff, 0xff, 0x53, 0x00,  //   +@@=     :@@- 
    0x00, 0x00, 0xb3, 0xff, 0xf9, 0x13, 0x00, 0x00, 0x00, 0x00, 0x00, 0x69, 0xff, 0xff, 0x21, 0x00,  //   *@@      =@@. 
    0x00, 0x00, 0xe5, 0xff, 0xb8, 0x00, 0x00, 0x00, 0x00, 0x00, 0x00, 0x9c, 0xff, 0xee, 0x00, 0x00,  //   %@#      *@@  
    0x00, 0x17, 0xff, 0xff, 0x78, 0x00, 0x00, 0x00, 0x00, 0x00, 0x00, 0xce, 0xff, 0xbc, 0x00, 0x00,  //   @@=      #@#  
    0x00, 0x4a, 0xff, 0xff, 0x45, 0x00, 0x00, 0x00, 0x00, 0x00, 0x06, 0xfa, 0xff, 0x8a, 0x00, 0x00,  //  :@@:      @@+  
    0x00, 0x7c, 0xff, 0xff, 0x13, 0x00, 0x00, 0x00, 0x00, 0x00, 0x33, 0xff, 0xff, 0x58, 0x00, 0x00,  //  =@@      .@@-  
    0x00, 0xaf, 0xff, 0xe1, 0x00, 0x00, 0x00, 0x00, 0x00, 0x00, 0x66, 0xff, 0xff, 0x25, 0x00, 0x00,  //  *@%      -@@.  
    0x00, 0xe1, 0xff, 0xaf, 0x00, 0x00, 0x00, 0x00, 0x00, 0x00, 0x98, 0xff, 0xf1, 0x01, 0x00, 0x00,  //  %@*      +@@   
    0x13, 0xff, 0xff, 0x7d, 0x00, 0x00, 0x00, 0x00, 0x00, 0x00, 0xcb, 0xff, 0xc1, 0x00, 0x00, 0x00,  //  @@=      #@#   
    // Character 'o' (111)
    0x00, 0x00, 0x00, 0x00, 0x02, 0x52, 0xae, 0xe5, 0xfa, 0xf1, 0xc8, 0x75, 0x09, 0x00, 0x00,  //      -*%@@#=   
    0x00, 0x00, 0x00, 0x1c, 0xc9, 0xff, 0xff, 0xff, 0xff, 0xff, 0xff, 0xff, 0xd1, 0x10, 0x00,  //    .#@@@@@@@%  
    0x00, 0x00, 0x23, 0xe0, 0xff, 0xf5, 0x78, 0x1c, 0x09, 0x2f, 0xb1, 0xff, 0xff, 0x9c, 0x00,  //   .%@@=. .*@@* 
    0x00, 0x06, 0xd8, 0xff, 0xea, 0x27, 0x00, 0x00, 0x00, 0x00, 0x03, 0xd3, 0xff, 0xf7, 0x08,  //   %@@.     %@@ 
    0x00, 0x7b, 0xff, 0xff, 0x3d, 0x00, 0x00, 0x00, 0x00, 0x00, 0x00, 0x7d, 0xff, 0xff, 0x32,  //  =@@:      =@@.
    0x07, 0xf0, 0xff, 0xb0, 0x00, 0x00, 0x00, 0x00, 0x00, 0x00, 0x00, 0x60, 0xff, 0xff, 0x3f,  //  @@*       -@@:
    0x4f, 0xff, 0xff, 0x49, 0x00, 0x00, 0x00, 0x00, 0x00, 0x00, 0x00, 0x71, 0xff, 0xff, 0x2f,  // -@@:       =@@.
    0x97, 0xff, 0xf8, 0x09, 0x00, 0x00, 0x00, 0x00, 0x00, 0x00, 0x00, 0x96, 0xff, 0xfc, 0x0a,  // +@@        +@@ 
    0xb5, 0xff, 0xdd, 0x00, 0x00, 0x00, 0x00, 0x00, 0x00, 0x00, 0x00, 0xdb, 0xff, 0xbc, 0x00,  // *@%        %@# 
    0xcd, 0xff, 0xcf, 0x00, 0x00, 0x00, 0x00, 0x00, 0x00, 0x00, 0x42, 0xff, 0xff, 0x67, 0x00,  // #@#       :@@- 
    0xc4, 0xff, 0xec, 0x00, 0x00, 0x00, 0x00, 0x00, 0x00, 0x04, 0xc8, 0xff, 0xe0, 0x0a, 0x00,  // #@@       #@%  
    0x96, 0xff, 0xff, 0x44, 0x00, 0x00, 0x00, 0x00, 0x02, 0x9c, 0xff, 0xff, 0x4b, 0x00, 0x00,  // +@@:     *@@:  
    0x36, 0xff, 0xff, 0xe7, 0x58, 0x15, 0x0a, 0x41, 0xc8, 0xff, 0xff, 0x73, 0x00, 0x00, 0x00,  // :@@%-  :#@@=   
    0x00, 0x7b, 0xff, 0xff, 0xff, 0xff, 0xff, 0xff, 0xff, 0xf5, 0x64, 0x00, 0x00, 0x00, 0x00,  //  =@@@@@@@@-    
    0x00, 0x00, 0x40, 0xac, 0xe6, 0xfb, 0xf2, 0xcc, 0x83, 0x1b, 0x00, 0x00, 0x00, 0x00, 0x00,  //   :*%@@#+.     
    // Character 'p' (112)
    0x00, 0x00, 0x00, 0x00, 0xb9, 0xff, 0xae, 0x00, 0x05, 0x60, 0xc5, 0xee, 0xf2, 0xb9, 0x35, 0x00, 0x00,  //     #@*  -#@@#:  
    0x00, 0x00, 0x00, 0x00, 0xd2, 0xff, 0x95, 0x12, 0xc1, 0xff, 0xff, 0xff, 0xff, 0xff, 0xf6, 0x30, 0x00,  //     %@+ #@@@@@@. 
    0x00, 0x00, 0x00, 0x00, 0xed, 0xff, 0x81, 0xc9, 0xff, 0xc3, 0x35, 0x0b, 0x59, 0xfc, 0xff, 0xb1, 0x00,  //     @@=#@#: -@@* 
    0x00, 0x00, 0x00, 0x09, 0xff, 0xff, 0xe0, 0xff, 0x9e, 0x01, 0x00, 0x00, 0x00, 0xb5, 0xff, 0xeb, 0x00,  //     @@%@*    *@@ 
    0x00, 0x00, 0x00, 0x28, 0xff, 0xff, 0xff, 0xbe, 0x03, 0x00, 0x00, 0x00, 0x00, 0x88, 0xff, 0xff, 0x0b,  //    .@@@#     +@@ 
    0x00, 0x00, 0x00, 0x47, 0xff, 0xff, 0xf5, 0x22, 0x00, 0x00, 0x00, 0x00, 0x00, 0x85, 0xff, 0xff, 0x0d,  //    :@@@.     +@@ 
    0x00, 0x00, 0x00, 0x6c, 0xff, 0xff, 0x90, 0x00, 0x00, 0x00, 0x00, 0x00, 0x00, 0x98, 0xff, 0xfb, 0x00,  //    =@@+      +@@ 
    0x00, 0x00, 0x00, 0x9d, 0xff, 0xff, 0x21, 0x00, 0x00, 0x00, 0x00, 0x00, 0x00, 0xc7, 0xff, 0xd5, 0x00,  //    *@@.      #@% 
    0x00, 0x00, 0x00, 0xcf, 0xff, 0xd5, 0x00, 0x00, 0x00, 0x00, 0x00, 0x00, 0x0f, 0xf8, 0xff, 0x9d, 0x00,  //    #@%       @@* 
    0x00, 0x00, 0x06, 0xfa, 0xff, 0x93, 0x00, 0x00, 0x00, 0x00, 0x00, 0x00, 0x67, 0xff, 0xff, 0x47, 0x00,  //    @@+      -@@: 
    0x00, 0x00, 0x34, 0xff, 0xff, 0x5d, 0x00, 0x00, 0x00, 0x00, 0x00, 0x0f, 0xe2, 0xff, 0xd9, 0x02, 0x00,  //   :@@-      %@%  
    0x00, 0x00, 0x66, 0xff, 0xff, 0x28, 0x00, 0x00, 0x00, 0x00, 0x04, 0xaa, 0xff, 0xff, 0x42, 0x00, 0x00,  //   -@@.     *@@:  
    0x00, 0x00, 0x98, 0xff, 0xff, 0x79, 0x2c, 0x09, 0x11, 0x4d, 0xc8, 0xff, 0xff, 0x77, 0x00, 0x00, 0x00,  //   +@@=.  :#@@=   
    0x00, 0x00, 0xcb, 0xff, 0xff, 0xff, 0xff, 0xff, 0xff, 0xff, 0xff, 0xf2, 0x65, 0x00, 0x00, 0x00, 0x00,  //   #@@@@@@@@@-    
    0x00, 0x04, 0xf8, 0xff, 0xd8, 0xd9, 0xf7, 0xfd, 0xea, 0xca, 0x7b, 0x1a, 0x00, 0x00, 0x00, 0x00, 0x00,  //   @@%%@@@#=.     
    0x00, 0x2f, 0xff, 0xff, 0x59, 0x00, 0x00, 0x00, 0x00, 0x00, 0x00, 0x00, 0x00, 0x00, 0x00, 0x00, 0x00,  //  .@@-            
    0x00, 0x62, 0xff, 0xff, 0x28, 0x00, 0x00, 0x00, 0x00, 0x00, 0x00, 0x00, 0x00, 0x00, 0x00, 0x00, 0x00,  //  -@@.            
    0x00, 0x94, 0xff, 0xf3, 0x02, 0x00, 0x00, 0x00, 0x00, 0x00, 0x00, 0x00, 0x00, 0x00, 0x00, 0x00, 0x00,  //  +@@             
    0x00, 0xc6, 0xff, 0xc4, 0x00, 0x00, 0x00, 0x00, 0x00, 0x00, 0x00, 0x00, 0x00, 0x00, 0x00, 0x00, 0x00,  //  #@#             
    0x03, 0xf5, 0xff, 0x92, 0x00, 0x00, 0x00, 0x00, 0x00, 0x00, 0x00, 0x00, 0x00, 0x00, 0x00, 0x00, 0x00,  //  @@+             
    0x2b, 0xff, 0xff, 0x60, 0x00, 0x00, 0x00, 0x00, 0x00, 0x00, 0x00, 0x00, 0x00, 0x00, 0x00, 0x00, 0x00,  // .@@-             
    // Character 'q' (113)
    0x00, 0x00, 0x00, 0x00, 0x01, 0x51, 0xac, 0xdd, 0xf7, 0xf0, 0xbc, 0x55, 0x21, 0x88, 0x66,  //      -*%@@#-.+-
    0x00, 0x00, 0x00, 0x23, 0xc4, 0xff, 0xff, 0xff, 0xff, 0xff, 0xff, 0xff, 0xff, 0xff, 0x46,  //    .#@@@@@@@@@:
    0x00, 0x00, 0x23, 0xe4, 0xff, 0xf4, 0x7f, 0x26, 0x07, 0x1f, 0x82, 0xf2, 0xff, 0xff, 0x14,  //   .%@@=. .+@@@ 
    0x00, 0x03, 0xce, 0xff, 0xf1, 0x2d, 0x00, 0x00, 0x00, 0x00, 0x00, 0xa7, 0xff, 0xe0, 0x00,  //   #@@.     *@% 
    0x00, 0x6b, 0xff, 0xff, 0x5e, 0x00, 0x00, 0x00, 0x00, 0x00, 0x00, 0xdc, 0xff, 0xad, 0x00,  //  =@@-      %@* 
    0x00, 0xd6, 0xff, 0xd2, 0x00, 0x00, 0x00, 0x00, 0x00, 0x00, 0x12, 0xff, 0xff, 0x79, 0x00,  //  %@%       @@= 
    0x2d, 0xff, 0xff, 0x72, 0x00, 0x00, 0x00, 0x00, 0x00, 0x00, 0x56, 0xff, 0xff, 0x46, 0x00,  // .@@=      -@@: 
    0x65, 0xff, 0xff, 0x34, 0x00, 0x00, 0x00, 0x00, 0x00, 0x00, 0xad, 0xff, 0xff, 0x13, 0x00,  // -@@:      *@@  
    0x8c, 0xff, 0xff, 0x08, 0x00, 0x00, 0x00, 0x00, 0x00, 0x21, 0xfc, 0xff, 0xe0, 0x00, 0x00,  // +@@      .@@%  
    0x9e, 0xff, 0xf3, 0x00, 0x00, 0x00, 0x00, 0x00, 0x00, 0xa4, 0xff, 0xff, 0xac, 0x00, 0x00,  // *@@      *@@*  
    0x9b, 0xff, 0xf8, 0x00, 0x00, 0x00, 0x00, 0x00, 0x4f, 0xff, 0xff, 0xff, 0x79, 0x00, 0x00,  // +@@     -@@@=  
    0x7c, 0xff, 0xff, 0x25, 0x00, 0x00, 0x00, 0x3a, 0xf4, 0xf3, 0xff, 0xff, 0x46, 0x00, 0x00,  // =@@.   :@@@@:  
    0x42, 0xff, 0xff, 0xb4, 0x19, 0x14, 0x7b, 0xf8, 0xfd, 0x93, 0xff, 0xff, 0x13, 0x00, 0x00,  // :@@*  =@@+@@   
    0x00, 0xb7, 0xff, 0xff, 0xff, 0xff, 0xff, 0xf6, 0x53, 0x96, 0xff, 0xdf, 0x00, 0x00, 0x00,  //  #@@@@@@-+@%   
    0x00, 0x0a, 0x8b, 0xe2, 0xf8, 0xdb, 0x97, 0x23, 0x00, 0xd6, 0xff, 0xac, 0x00, 0x00, 0x00,  //   +%@%+. %@*   
    0x00, 0x00, 0x00, 0x00, 0x00, 0x00, 0x00, 0x00, 0x13, 0xff, 0xff, 0x79, 0x00, 0x00, 0x00,  //          @@=   
    0x00, 0x00, 0x00, 0x00, 0x00, 0x00, 0x00, 0x00, 0x47, 0xff, 0xff, 0x46, 0x00, 0x00, 0x00,  //         :@@:   
    0x00, 0x00, 0x00, 0x00, 0x00, 0x00, 0x00, 0x00, 0x7b, 0xff, 0xff, 0x13, 0x00, 0x00, 0x00,  //         =@@    
    0x00, 0x00, 0x00, 0x00, 0x00, 0x00, 0x00, 0x00, 0xaf, 0xff, 0xdf, 0x00, 0x00, 0x00, 0x00,  //         *@%    
    0x00, 0x00, 0x00, 0x00, 0x00, 0x00, 0x00, 0x00, 0xe3, 0xff, 0xac, 0x00, 0x00, 0x00, 0x00,  //         %@*    
    0x00, 0x00, 0x00, 0x00, 0x00, 0x00, 0x00, 0x16, 0xff, 0xff, 0x79, 0x00, 0x00, 0x00, 0x00,  //         @@=    
    // Character 'r' (114)
    0x00, 0x00, 0x35, 0xff, 0xff, 0x2e, 0x00, 0x13, 0x84, 0xda, 0xf9, 0xee, 0xaf, 0x28, 0x00,  //   :@@.  +%@@*. 
    0x00, 0x00, 0x4e, 0xff, 0xff, 0x15, 0x3f, 0xee, 0xff, 0xff, 0xff, 0xff, 0xff, 0xe8, 0x12,  //   -@@ :@@@@@@% 
    0x00, 0x00, 0x6a, 0xff, 0xfb, 0x40, 0xf8, 0xfc, 0x8c, 0x23, 0x11, 0x91, 0xff, 0xff, 0x6c,  //   =@@:@@+. +@@=
    0x00, 0x00, 0x84, 0xff, 0xf3, 0xe8, 0xf9, 0x4a, 0x00, 0x00, 0x00, 0x11, 0xff, 0xff, 0x95,  //   +@@%@:    @@+
    0x00, 0x00, 0x9f, 0xff, 0xff, 0xff, 0x62, 0x00, 0x00, 0x00, 0x00, 0x06, 0xff, 0xff, 0x91,  //   *@@@-     @@+
    0x00, 0x00, 0xbc, 0xff, 0xff, 0xb5, 0x00, 0x00, 0x00, 0x00, 0x00, 0x23, 0xff, 0xff, 0x70,  //   #@@*     .@@=
    0x00, 0x00, 0xde, 0xff, 0xfe, 0x2e, 0x00, 0x00, 0x00, 0x00, 0x00, 0x00, 0x00, 0x00, 0x00,  //   %@@.         
    0x00, 0x0d, 0xfd, 0xff, 0xbe, 0x00, 0x00, 0x00, 0x00, 0x00, 0x00, 0x00, 0x00, 0x00, 0x00,  //   @@#          
    0x00, 0x3f, 0xff, 0xff, 0x65, 0x00, 0x00, 0x00, 0x00, 0x00, 0x00, 0x00, 0x00, 0x00, 0x00,  //  :@@-          
    0x00, 0x73, 0xff, 0xff, 0x22, 0x00, 0x00, 0x00, 0x00, 0x00, 0x00, 0x00, 0x00, 0x00, 0x00,  //  =@@.          
    0x00, 0xa7, 0xff, 0xec, 0x00, 0x00, 0x00, 0x00, 0x00, 0x00, 0x00, 0x00, 0x00, 0x00, 0x00,  //  *@@           
    0x00, 0xdb, 0xff, 0xb9, 0x00, 0x00, 0x00, 0x00, 0x00, 0x00, 0x00, 0x00, 0x00, 0x00, 0x00,  //  %@#           
    0x0f, 0xfe, 0xff, 0x85, 0x00, 0x00, 0x00, 0x00, 0x00, 0x00, 0x00, 0x00, 0x00, 0x00, 0x00,  //  @@+           
    0x43, 0xff, 0xff, 0x51, 0x00, 0x00, 0x00, 0x00, 0x00, 0x00, 0x00, 0x00, 0x00, 0x00, 0x00,  // :@@-           
    0x76, 0xff, 0xff, 0x1d, 0x00, 0x00, 0x00, 0x00, 0x00, 0x00, 0x00, 0x00, 0x00, 0x00, 0x00,  // =@@.           
    // Character 's' (115)
    0x00, 0x00, 0x00, 0x00, 0x07, 0x60, 0xb0, 0xe1, 0xf5, 0xf9, 0xda, 0x9d, 0x49, 0x02,  //      -*%@@%*: 
    0x00, 0x00, 0x00, 0x27, 0xda, 0xff, 0xff, 0xff, 0xff, 0xff, 0xff, 0xff, 0xff, 0x38,  //    .%@@@@@@@@:
    0x00, 0x00, 0x09, 0xdd, 0xff, 0xf2, 0x75, 0x22, 0x05, 0x13, 0x35, 0x6e, 0xbf, 0x35,  //    %@@=.  :=#:
    0x00, 0x00, 0x53, 0xff, 0xff, 0x5b, 0x00, 0x00, 0x00, 0x00, 0x00, 0x00, 0x00, 0x00,  //   -@@-        
    0x00, 0x00, 0x75, 0xff, 0xff, 0x33, 0x00, 0x00, 0x00, 0x00, 0x00, 0x00, 0x00, 0x00,  //   =@@.        
    0x00, 0x00, 0x59, 0xff, 0xff, 0xca, 0x2d, 0x00, 0x00, 0x00, 0x00, 0x00, 0x00, 0x00,  //   -@@#.       
    0x00, 0x00, 0x07, 0xcb, 0xff, 0xff, 0xfe, 0xc2, 0x6c, 0x14, 0x00, 0x00, 0x00, 0x00,  //    #@@@#=     
    0x00, 0x00, 0x00, 0x12, 0x9e, 0xfc, 0xff, 0xff, 0xff, 0xf7, 0x8d, 0x08, 0x00, 0x00,  //     *@@@@@+   
    0x00, 0x00, 0x00, 0x00, 0x00, 0x16, 0x6d, 0xc2, 0xfe, 0xff, 0xff, 0xb4, 0x00, 0x00,  //       =#@@@*  
    0x00, 0x00, 0x00, 0x00, 0x00, 0x00, 0x00, 0x00, 0x2c, 0xd7, 0xff, 0xff, 0x21, 0x00,  //         .%@@. 
    0x00, 0x00, 0x00, 0x00, 0x00, 0x00, 0x00, 0x00, 0x00, 0x67, 0xff, 0xff, 0x3e, 0x00,  //          -@@: 
    0x00, 0x00, 0x00, 0x00, 0x00, 0x00, 0x00, 0x00, 0x00, 0x9b, 0xff, 0xfe, 0x1b, 0x00,  //          +@@. 
    0x7b, 0xa5, 0x5f, 0x32, 0x1a, 0x05, 0x09, 0x2c, 0x89, 0xff, 0xff, 0xa6, 0x00, 0x00,  // =*-..  .+@@*  
    0x88, 0xff, 0xff, 0xff, 0xff, 0xff, 0xff, 0xff, 0xff, 0xff, 0xb2, 0x0d, 0x00, 0x00,  // +@@@@@@@@@*   
    0x0e, 0x67, 0xae, 0xd3, 0xea, 0xfb, 0xf3, 0xd5, 0x9e, 0x43, 0x00, 0x00, 0x00, 0x00,  //  -*%@@@%*:    
    // Character 't' (116)
    0x00, 0x00, 0x00, 0x00, 0x00, 0x00, 0x48, 0x9c, 0xc2, 0x00, 0x00, 0x00, 0x00, 0x00, 0x00,  //       :*#      
    0x00, 0x00, 0x00, 0x00, 0x00, 0x00, 0xdb, 0xff, 0xb2, 0x00, 0x00, 0x00, 0x00, 0x00, 0x00,  //       %@*      
    0x00, 0x00, 0x00, 0x00, 0x00, 0x0e, 0xfe, 0xff, 0x81, 0x00, 0x00, 0x00, 0x00, 0x00, 0x00,  //       @@=      
    0x00, 0x00, 0x00, 0x00, 0x00, 0x3e, 0xff, 0xff, 0x50, 0x00, 0x00, 0x00, 0x00, 0x00, 0x00,  //      :@@-      
    0x00, 0x00, 0x00, 0x00, 0x00, 0x6f, 0xff, 0xff, 0x20, 0x00, 0x00, 0x00, 0x00, 0x00, 0x00,  //      =@@.      
    0x00, 0xbc, 0xff, 0xff, 0xff, 0xff, 0xff, 0xff, 0xff, 0xff, 0xff, 0xff, 0xff, 0xff, 0x84,  //  #@@@@@@@@@@@@+
    0x01, 0xef, 0xff, 0xff, 0xff, 0xff, 0xff, 0xff, 0xff, 0xff, 0xff, 0xff, 0xff, 0xff, 0x4e,  //  @@@@@@@@@@@@@-
    0x00, 0x00, 0x00, 0x00, 0x0a, 0xfd, 0xff, 0x83, 0x00, 0x00, 0x00, 0x00, 0x00, 0x00, 0x00,  //      @@+       
    0x00, 0x00, 0x00, 0x00, 0x38, 0xff, 0xff, 0x53, 0x00, 0x00, 0x00, 0x00, 0x00, 0x00, 0x00,  //     :@@-       
    0x00, 0x00, 0x00, 0x00, 0x68, 0xff, 0xff, 0x22, 0x00, 0x00, 0x00, 0x00, 0x00, 0x00, 0x00,  //     =@@.       
    0x00, 0x00, 0x00, 0x00, 0x98, 0xff, 0xf1, 0x01, 0x00, 0x00, 0x00, 0x00, 0x00, 0x00, 0x00,  //     +@@        
    0x00, 0x00, 0x00, 0x00, 0xc7, 0xff, 0xc2, 0x00, 0x00, 0x00, 0x00, 0x00, 0x00, 0x00, 0x00,  //     #@#        
    0x00, 0x00, 0x00, 0x02, 0xf4, 0xff, 0x91, 0x00, 0x00, 0x00, 0x00, 0x00, 0x00, 0x00, 0x00,  //     @@+        
    0x00, 0x00, 0x00, 0x27, 0xff, 0xff, 0x61, 0x00, 0x00, 0x00, 0x00, 0x00, 0x00, 0x00, 0x00,  //    .@@-        
    0x00, 0x00, 0x00, 0x54, 0xff, 0xff, 0x37, 0x00, 0x00, 0x00, 0x00, 0x00, 0x00, 0x00, 0x00,  //    -@@:        
    0x00, 0x00, 0x00, 0x79, 0xff, 0xff, 0x1d, 0x00, 0x00, 0x00, 0x00, 0x00, 0x00, 0x00, 0x00,  //    =@@.        
    0x00, 0x00, 0x00, 0x77, 0xff, 0xff, 0x36, 0x00, 0x00, 0x00, 0x00, 0x00, 0x00, 0x00, 0x00,  //    =@@:        
    0x00, 0x00, 0x00, 0x44, 0xff, 0xff, 0xc7, 0x30, 0x05, 0x00, 0x00, 0x00, 0x00, 0x00, 0x00,  //    :@@#.       
    0x00, 0x00, 0x00, 0x01, 0xbb, 0xff, 0xff, 0xff, 0xff, 0xff, 0xff, 0xf8, 0x00, 0x00, 0x00,  //     #@@@@@@@   
    0x00, 0x00, 0x00, 0x00, 0x07, 0x74, 0xc8, 0xef, 0xfc, 0xf7, 0xe3, 0xba, 0x00, 0x00, 0x00,  //      =#@@@%#   
    // Character 'u' (117)
    0x00, 0x00, 0x52, 0xff, 0xff, 0x3a, 0x00, 0x00, 0x00, 0x00, 0x00, 0x0e, 0xfe, 0xff, 0x7e,  //   -@@:      @@=
    0x00, 0x00, 0x84, 0xff, 0xfd, 0x0b, 0x00, 0x00, 0x00, 0x00, 0x00, 0x40, 0xff, 0xff, 0x4d,  //   +@@      :@@:
    0x00, 0x00, 0xb6, 0xff, 0xd5, 0x00, 0x00, 0x00, 0x00, 0x00, 0x00, 0x72, 0xff, 0xff, 0x1b,  //   #@%      =@@.
    0x00, 0x00, 0xe7, 0xff, 0xa3, 0x00, 0x00, 0x00, 0x00, 0x00, 0x00, 0xa4, 0xff, 0xe9, 0x00,  //   %@*      *@% 
    0x00, 0x1b, 0xff, 0xff, 0x70, 0x00, 0x00, 0x00, 0x00, 0x00, 0x00, 0xd6, 0xff, 0xb7, 0x00,  //  .@@=      %@# 
    0x00, 0x4d, 0xff, 0xff, 0x3e, 0x00, 0x00, 0x00, 0x00, 0x00, 0x0b, 0xfc, 0xff, 0x85, 0x00,  //  :@@:      @@+ 
    0x00, 0x7f, 0xff, 0xfe, 0x0d, 0x00, 0x00, 0x00, 0x00, 0x00, 0x4c, 0xff, 0xff, 0x54, 0x00,  //  =@@      :@@- 
    0x00, 0xb2, 0xff, 0xd9, 0x00, 0x00, 0x00, 0x00, 0x00, 0x00, 0x9b, 0xff, 0xff, 0x22, 0x00,  //  *@%      +@@. 
    0x00, 0xe4, 0xff, 0xa6, 0x00, 0x00, 0x00, 0x00, 0x00, 0x14, 0xf6, 0xff, 0xf2, 0x00, 0x00,  //  %@*      @@@  
    0x14, 0xff, 0xff, 0x75, 0x00, 0x00, 0x00, 0x00, 0x00, 0x92, 0xff, 0xff, 0xce, 0x00, 0x00,  //  @@=     +@@#  
    0x3c, 0xff, 0xff, 0x4f, 0x00, 0x00, 0x00, 0x00, 0x3c, 0xfd, 0xff, 0xff, 0xb0, 0x00, 0x00,  // :@@-    :@@@*  
    0x4b, 0xff, 0xff, 0x50, 0x00, 0x00, 0x00, 0x29, 0xec, 0xfa, 0xf4, 0xff, 0x91, 0x00, 0x00,  // :@@-   .@@@@+  
    0x30, 0xff, 0xff, 0xc2, 0x1e, 0x0e, 0x6a, 0xf2, 0xff, 0x6f, 0xf2, 0xff, 0x74, 0x00, 0x00,  // .@@#. =@@=@@=  
    0x01, 0xc8, 0xff, 0xff, 0xff, 0xff, 0xff, 0xfd, 0x78, 0x0c, 0xff, 0xff, 0x5a, 0x00, 0x00,  //  #@@@@@@= @@-  
    0x00, 0x13, 0x97, 0xe4, 0xfa, 0xe1, 0xa6, 0x33, 0x00, 0x27, 0xff, 0xff, 0x40, 0x00, 0x00,  //   +%@%*. .@@:  
    // Character 'v' (118)
    0x81, 0xff, 0xff, 0x3a, 0x00, 0x00, 0x00, 0x00, 0x00, 0x00, 0x50, 0xff, 0xff, 0x8a,  // =@@:      -@@+
    0x52, 0xff, 0xff, 0x61, 0x00, 0x00, 0x00, 0x00, 0x00, 0x00, 0x70, 0xff, 0xff, 0x60,  // -@@-      =@@-
    0x23, 0xff, 0xff, 0x87, 0x00, 0x00, 0x00, 0x00, 0x00, 0x00, 0x9d, 0xff, 0xff, 0x2b,  // .@@+      *@@.
    0x01, 0xf2, 0xff, 0xad, 0x00, 0x00, 0x00, 0x00, 0x00, 0x00, 0xd1, 0xff, 0xe5, 0x00,  //  @@*      %@% 
    0x00, 0xc5, 0xff, 0xd3, 0x00, 0x00, 0x00, 0x00, 0x00, 0x16, 0xfe, 0xff, 0x97, 0x00,  //  #@%      @@+ 
    0x00, 0x96, 0xff, 0xf7, 0x01, 0x00, 0x00, 0x00, 0x00, 0x60, 0xff, 0xff, 0x38, 0x00,  //  +@@     -@@: 
    0x00, 0x67, 0xff, 0xff, 0x1f, 0x00, 0x00, 0x00, 0x00, 0xbe, 0xff, 0xd1, 0x00, 0x00,  //  -@@.    #@%  
    0x00, 0x38, 0xff, 0xff, 0x45, 0x00, 0x00, 0x00, 0x29, 0xfe, 0xff, 0x57, 0x00, 0x00,  //  :@@:   .@@-  
    0x00, 0x0b, 0xfd, 0xff, 0x6b, 0x00, 0x00, 0x00, 0xa1, 0xff, 0xd0, 0x02, 0x00, 0x00,  //   @@=   *@%   
    0x00, 0x00, 0xda, 0xff, 0x91, 0x00, 0x00, 0x34, 0xfd, 0xff, 0x3d, 0x00, 0x00, 0x00,  //   %@+  :@@:   
    0x00, 0x00, 0xab, 0xff, 0xb7, 0x00, 0x06, 0xcd, 0xff, 0x96, 0x00, 0x00, 0x00, 0x00,  //   *@#  #@+    
    0x00, 0x00, 0x7c, 0xff, 0xe1, 0x00, 0x91, 0xff, 0xd4, 0x09, 0x00, 0x00, 0x00, 0x00,  //   =@% +@%     
    0x00, 0x00, 0x4d, 0xff, 0xff, 0x80, 0xff, 0xeb, 0x23, 0x00, 0x00, 0x00, 0x00, 0x00,  //   :@@=@@.     
    0x00, 0x00, 0x1e, 0xff, 0xff, 0xff, 0xf2, 0x39, 0x00, 0x00, 0x00, 0x00, 0x00, 0x00,  //   .@@@@:      
    0x00, 0x00, 0x00, 0xee, 0xff, 0xee, 0x37, 0x00, 0x00, 0x00, 0x00, 0x00, 0x00, 0x00,  //    @@@:       
    // Character 'w' (119)
    0x02, 0xfe, 0xff, 0x72, 0x00, 0x00, 0x00, 0x00, 0x00, 0x00, 0x00, 0x00, 0x00, 0xb5, 0xff, 0xcf,  //  @@=         *@#
    0x11, 0xff, 0xff, 0x58, 0x00, 0x00, 0x00, 0x00, 0x00, 0x00, 0x00, 0x00, 0x00, 0xce, 0xff, 0xb6,  //  @@-         #@#
    0x22, 0xff, 0xff, 0x3d, 0x00, 0x00, 0x00, 0x00, 0x00, 0x00, 0x00, 0x00, 0x00, 0xe7, 0xff, 0x95,  // .@@:         %@+
    0x32, 0xff, 0xff, 0x23, 0x00, 0x00, 0x00, 0x00, 0x00, 0x00, 0x00, 0x00, 0x08, 0xfd, 0xff, 0x6c,  // .@@.         @@=
    0x43, 0xff, 0xff, 0x09, 0x00, 0x00, 0x51, 0xff, 0xdc, 0x00, 0x00, 0x00, 0x37, 0xff, 0xff, 0x3c,  // :@@   -@%   :@@:
    0x53, 0xff, 0xee, 0x00, 0x00, 0x03, 0xd7, 0xff, 0xfd, 0x08, 0x00, 0x00, 0x69, 0xff, 0xf9, 0x08,  // -@@   %@@   =@@ 
    0x64, 0xff, 0xd3, 0x00, 0x00, 0x65, 0xf8, 0xc7, 0xff, 0x30, 0x00, 0x00, 0x9e, 0xff, 0xc1, 0x00,  // -@%  -@#@.  *@# 
    0x74, 0xff, 0xb9, 0x00, 0x09, 0xe4, 0xa0, 0xa0, 0xff, 0x59, 0x00, 0x03, 0xea, 0xff, 0x73, 0x00,  // =@#  %**@-  @@= 
    0x85, 0xff, 0xa0, 0x00, 0x78, 0xff, 0x2d, 0x83, 0xff, 0x83, 0x00, 0x43, 0xff, 0xfe, 0x21, 0x00,  // +@* =@.+@+ :@@. 
    0x95, 0xff, 0x8f, 0x12, 0xef, 0xb5, 0x00, 0x61, 0xff, 0xad, 0x00, 0x9b, 0xff, 0xbe, 0x00, 0x00,  // +@+ @* -@* +@#  
    0xa6, 0xff, 0x7f, 0x8f, 0xff, 0x3f, 0x00, 0x3f, 0xff, 0xd7, 0x17, 0xf7, 0xff, 0x54, 0x00, 0x00,  // *@=+@: :@% @@-  
    0xb6, 0xff, 0xa9, 0xfd, 0xc9, 0x00, 0x00, 0x1c, 0xff, 0xfc, 0xa6, 0xff, 0xd8, 0x02, 0x00, 0x00,  // #@*@#  .@@*@%   
    0xc7, 0xff, 0xff, 0xff, 0x53, 0x00, 0x00, 0x01, 0xf8, 0xff, 0xff, 0xff, 0x4f, 0x00, 0x00, 0x00,  // #@@@-   @@@@-   
    0xd7, 0xff, 0xff, 0xda, 0x02, 0x00, 0x00, 0x00, 0xd8, 0xff, 0xff, 0xb0, 0x00, 0x00, 0x00, 0x00,  // %@@%    %@@*    
    0xe8, 0xff, 0xff, 0x67, 0x00, 0x00, 0x00, 0x00, 0xb5, 0xff, 0xda, 0x10, 0x00, 0x00, 0x00, 0x00,  // %@@-    *@%     
    // Character 'x' (120)
    0x00, 0x00, 0x00, 0x13, 0xf1, 0xff, 0xfb, 0x1d, 0x00, 0x00, 0x00, 0x00, 0x00, 0x0b, 0xd3, 0xff, 0xfd, 0x57,  //     @@@.      %@@-
    0x00, 0x00, 0x00, 0x00, 0x7c, 0xff, 0xff, 0x8a, 0x00, 0x00, 0x00, 0x00, 0x00, 0xaa, 0xff, 0xff, 0x68, 0x00,  //     =@@+     *@@= 
    0x00, 0x00, 0x00, 0x00, 0x0b, 0xe8, 0xff, 0xef, 0x0c, 0x00, 0x00, 0x00, 0x79, 0xff, 0xff, 0x7a, 0x00, 0x00,  //      %@@    =@@=  
    0x00, 0x00, 0x00, 0x00, 0x00, 0x6c, 0xff, 0xff, 0x6e, 0x00, 0x00, 0x48, 0xfd, 0xff, 0x8d, 0x00, 0x00, 0x00,  //      =@@=  :@@+   
    0x00, 0x00, 0x00, 0x00, 0x00, 0x05, 0xde, 0xff, 0xdd, 0x02, 0x24, 0xef, 0xff, 0x9e, 0x01, 0x00, 0x00, 0x00,  //       %@% .@@*    
    0x00, 0x00, 0x00, 0x00, 0x00, 0x00, 0x5c, 0xff, 0xff, 0x5e, 0xd4, 0xff, 0xae, 0x03, 0x00, 0x00, 0x00, 0x00,  //       -@@-%@*     
    0x00, 0x00, 0x00, 0x00, 0x00, 0x00, 0x02, 0xd1, 0xff, 0xfc, 0xff, 0xbd, 0x07, 0x00, 0x00, 0x00, 0x00, 0x00,  //        %@@@#      
    0x00, 0x00, 0x00, 0x00, 0x00, 0x00, 0x00, 0x81, 0xff, 0xff, 0xf3, 0x0e, 0x00, 0x00, 0x00, 0x00, 0x00, 0x00,  //        =@@@       
    0x00, 0x00, 0x00, 0x00, 0x00, 0x00, 0x50, 0xfb, 0xfa, 0xfe, 0xff, 0x5e, 0x00, 0x00, 0x00, 0x00, 0x00, 0x00,  //       -@@@@-      
    0x00, 0x00, 0x00, 0x00, 0x00, 0x46, 0xf8, 0xff, 0x66, 0xb0, 0xff, 0xe5, 0x0b, 0x00, 0x00, 0x00, 0x00, 0x00,  //      :@@-*@%      
    0x00, 0x00, 0x00, 0x00, 0x3d, 0xf5, 0xff, 0x96, 0x00, 0x3b, 0xff, 0xff, 0x84, 0x00, 0x00, 0x00, 0x00, 0x00,  //     :@@+ :@@+     
    0x00, 0x00, 0x00, 0x34, 0xf1, 0xff, 0xc1, 0x05, 0x00, 0x00, 0xc6, 0xff, 0xf7, 0x20, 0x00, 0x00, 0x00, 0x00,  //    :@@#   #@@.    
    0x00, 0x00, 0x2d, 0xed, 0xff, 0xe1, 0x15, 0x00, 0x00, 0x00, 0x51, 0xff, 0xff, 0xab, 0x00, 0x00, 0x00, 0x00,  //   .@@%    -@@*    
    0x00, 0x26, 0xe8, 0xff, 0xf5, 0x31, 0x00, 0x00, 0x00, 0x00, 0x02, 0xd9, 0xff, 0xff, 0x3e, 0x00, 0x00, 0x00,  //  .%@@.     %@@:   
    0x1f, 0xe2, 0xff, 0xff, 0x58, 0x00, 0x00, 0x00, 0x00, 0x00, 0x00, 0x67, 0xff, 0xff, 0xcf, 0x02, 0x00, 0x00,  // .%@@-      -@@#   
    // Character 'y' (121)
    0x00, 0x00, 0x00, 0x00, 0x7f, 0xff, 0xff, 0x3e, 0x00, 0x00, 0x00, 0x00, 0x00, 0x00, 0x60, 0xff, 0xff, 0x64,  //     =@@:      -@@-
    0x00, 0x00, 0x00, 0x00, 0x4c, 0xff, 0xff, 0x6c, 0x00, 0x00, 0x00, 0x00, 0x00, 0x00, 0x80, 0xff, 0xff, 0x35,  //     :@@=      =@@:
    0x00, 0x00, 0x00, 0x00, 0x19, 0xff, 0xff, 0x99, 0x00, 0x00, 0x00, 0x00, 0x00, 0x00, 0xb1, 0xff, 0xfb, 0x09,  //      @@+      *@@ 
    0x00, 0x00, 0x00, 0x00, 0x00, 0xe7, 0xff, 0xc7, 0x00, 0x00, 0x00, 0x00, 0x00, 0x02, 0xea, 0xff, 0xc2, 0x00,  //      %@#      @@# 
    0x00, 0x00, 0x00, 0x00, 0x00, 0xb4, 0xff, 0xf3, 0x01, 0x00, 0x00, 0x00, 0x00, 0x3f, 0xff, 0xff, 0x6c, 0x00,  //      *@@     :@@= 
    0x00, 0x00, 0x00, 0x00, 0x00, 0x82, 0xff, 0xff, 0x22, 0x00, 0x00, 0x00, 0x00, 0x9f, 0xff, 0xf4, 0x11, 0x00,  //      +@@.    *@@  
    0x00, 0x00, 0x00, 0x00, 0x00, 0x4f, 0xff, 0xff, 0x4f, 0x00, 0x00, 0x00, 0x19, 0xf9, 0xff, 0x8e, 0x00, 0x00,  //      -@@-    @@+  
    0x00, 0x00, 0x00, 0x00, 0x00, 0x1c, 0xff, 0xff, 0x7d, 0x00, 0x00, 0x00, 0x92, 0xff, 0xf1, 0x15, 0x00, 0x00,  //      .@@=   +@@   
    0x00, 0x00, 0x00, 0x00, 0x00, 0x00, 0xe9, 0xff, 0xaa, 0x00, 0x00, 0x26, 0xfa, 0xff, 0x71, 0x00, 0x00, 0x00,  //       %@*  .@@=   
    0x00, 0x00, 0x00, 0x00, 0x00, 0x00, 0xb7, 0xff, 0xd8, 0x00, 0x00, 0xb3, 0xff, 0xcd, 0x03, 0x00, 0x00, 0x00,  //       #@%  *@#    
    0x00, 0x00, 0x00, 0x00, 0x00, 0x00, 0x84, 0xff, 0xfc, 0x09, 0x53, 0xff, 0xf7, 0x2b, 0x00, 0x00, 0x00, 0x00,  //       +@@ -@@.    
    0x00, 0x00, 0x00, 0x00, 0x00, 0x00, 0x52, 0xff, 0xff, 0x4f, 0xe7, 0xff, 0x73, 0x00, 0x00, 0x00, 0x00, 0x00,  //       -@@-%@=     
    0x00, 0x00, 0x00, 0x00, 0x00, 0x00, 0x1f, 0xff, 0xff, 0xf0, 0xff, 0xc6, 0x02, 0x00, 0x00, 0x00, 0x00, 0x00,  //       .@@@@#      
    0x00, 0x00, 0x00, 0x00, 0x00, 0x00, 0x00, 0xeb, 0xff, 0xff, 0xf5, 0x27, 0x00, 0x00, 0x00, 0x00, 0x00, 0x00,  //        @@@@.      
    0x00, 0x00, 0x00, 0x00, 0x00, 0x00, 0x00, 0xb9, 0xff, 0xff, 0x69, 0x00, 0x00, 0x00, 0x00, 0x00, 0x00, 0x00,  //        #@@=       
    0x00, 0x00, 0x00, 0x00, 0x00, 0x00, 0x16, 0xe7, 0xff, 0xae, 0x00, 0x00, 0x00, 0x00, 0x00, 0x00, 0x00, 0x00,  //        %@*        
    0x00, 0x00, 0x00, 0x00, 0x00, 0x05, 0xc0, 0xff, 0xdc, 0x10, 0x00, 0x00, 0x00, 0x00, 0x00, 0x00, 0x00, 0x00,  //       #@%         
    0x00, 0x00, 0x00, 0x00, 0x04, 0xa6, 0xff, 0xf0, 0x2b, 0x00, 0x00, 0x00, 0x00, 0x00, 0x00, 0x00, 0x00, 0x00,  //      *@@.         
    0x00, 0x00, 0x0e, 0x42, 0xc5, 0xff, 0xf4, 0x3e, 0x00, 0x00, 0x00, 0x00, 0x00, 0x00, 0x00, 0x00, 0x00, 0x00,  //    :#@@:          
    0x8c, 0xff, 0xff, 0xff, 0xff, 0xe2, 0x36, 0x00, 0x00, 0x00, 0x00, 0x00, 0x00, 0x00, 0x00, 0x00, 0x00, 0x00,  // +@@@@%:           
    0x84, 0xfd, 0xf2, 0xcd, 0x75, 0x0d, 0x00, 0x00, 0x00, 0x00, 0x00, 0x00, 0x00, 0x00, 0x00, 0x00, 0x00, 0x00,  // +@@#=             
    // Character 'z' (122)
    0x00, 0x00, 0x00, 0x0f, 0xfe, 0xff, 0xff, 0xff, 0xff, 0xff, 0xff, 0xff, 0xff, 0xff, 0xff, 0x16,  //     @@@@@@@@@@@ 
    0x00, 0x00, 0x00, 0x42, 0xff, 0xff, 0xff, 0xff, 0xff, 0xff, 0xff, 0xff, 0xff, 0xff, 0xcb, 0x00,  //    :@@@@@@@@@@# 
    0x00, 0x00, 0x00, 0x00, 0x00, 0x00, 0x00, 0x00, 0x00, 0x00, 0x09, 0xc5, 0xff, 0xe5, 0x1e, 0x00,  //            #@%. 
    0x00, 0x00, 0x00, 0x00, 0x00, 0x00, 0x00, 0x00, 0x00, 0x03, 0xb0, 0xff, 0xf0, 0x2e, 0x00, 0x00,  //           *@@.  
    0x00, 0x00, 0x00, 0x00, 0x00, 0x00, 0x00, 0x00, 0x00, 0x99, 0xff, 0xf8, 0x40, 0x00, 0x00, 0x00,  //          +@@:   
    0x00, 0x00, 0x00, 0x00, 0x00, 0x00, 0x00, 0x00, 0x7f, 0xff, 0xfd, 0x55, 0x00, 0x00, 0x00, 0x00,  //         =@@-    
    0x00, 0x00, 0x00, 0x00, 0x00, 0x00, 0x00, 0x64, 0xff, 0xff, 0x6e, 0x00, 0x00, 0x00, 0x00, 0x00,  //        -@@=     
    0x00, 0x00, 0x00, 0x00, 0x00, 0x00, 0x4d, 0xfc, 0xff, 0x89, 0x00, 0x00, 0x00, 0x00, 0x00, 0x00,  //       :@@+      
    0x00, 0x00, 0x00, 0x00, 0x00, 0x38, 0xf6, 0xff, 0xa3, 0x01, 0x00, 0x00, 0x00, 0x00, 0x00, 0x00,  //      :@@*       
    0x00, 0x00, 0x00, 0x00, 0x27, 0xec, 0xff, 0xb9, 0x05, 0x00, 0x00, 0x00, 0x00, 0x00, 0x00, 0x00,  //     .@@#        
    0x00, 0x00, 0x00, 0x19, 0xe0, 0xff, 0xcc, 0x0c, 0x00, 0x00, 0x00, 0x00, 0x00, 0x00, 0x00, 0x00,  //     %@#         
    0x00, 0x00, 0x0e, 0xd0, 0xff, 0xdd, 0x16, 0x00, 0x00, 0x00, 0x00, 0x00, 0x00, 0x00, 0x00, 0x00,  //    %@%          
    0x00, 0x06, 0xbd, 0xff, 0xea, 0x24, 0x00, 0x00, 0x00, 0x00, 0x00, 0x00, 0x00, 0x00, 0x00, 0x00,  //   #@@.          
    0x00, 0x9b, 0xff, 0xff, 0xff, 0xff, 0xff, 0xff, 0xff, 0xff, 0xff, 0xff, 0xfe, 0x11, 0x00, 0x00,  //  +@@@@@@@@@@@   
    0x05, 0xf4, 0xff, 0xff, 0xff, 0xff, 0xff, 0xff, 0xff, 0xff, 0xff, 0xff, 0xda, 0x00, 0x00, 0x00,  //  @@@@@@@@@@@%   
    // Character '{' (123)
    0x00, 0x00, 0x00, 0x00, 0x00, 0x00, 0x00, 0x00, 0x04, 0x62, 0xb9, 0xe8, 0xfa, 0xc2,  //          -#%@#
    0x00, 0x00, 0x00, 0x00, 0x00, 0x00, 0x00, 0x14, 0xcb, 0xff, 0xff, 0xff, 0xff, 0x90,  //         #@@@@+
    0x00, 0x00, 0x00, 0x00, 0x00, 0x00, 0x00, 0xbc, 0xff, 0xf3, 0x7b, 0x24, 0x05, 0x00,  //        #@@=.  
    0x00, 0x00, 0x00, 0x00, 0x00, 0x00, 0x40, 0xff, 0xff, 0x4b, 0x00, 0x00, 0x00, 0x00,  //       :@@:    
    0x00, 0x00, 0x00, 0x00, 0x00, 0x00, 0xa1, 0xff, 0xc9, 0x00, 0x00, 0x00, 0x00, 0x00,  //       *@#     
    0x00, 0x00, 0x00, 0x00, 0x00, 0x00, 0xe9, 0xff, 0x7d, 0x00, 0x00, 0x00, 0x00, 0x00,  //       %@=     
    0x00, 0x00, 0x00, 0x00, 0x00, 0x1d, 0xff, 0xff, 0x49, 0x00, 0x00, 0x00, 0x00, 0x00,  //      .@@:     
    0x00, 0x00, 0x00, 0x00, 0x00, 0x4f, 0xff, 0xff, 0x15, 0x00, 0x00, 0x00, 0x00, 0x00,  //      -@@      
    0x00, 0x00, 0x00, 0x00, 0x00, 0x83, 0xff, 0xe0, 0x00, 0x00, 0x00, 0x00, 0x00, 0x00,  //      +@%      
    0x00, 0x00, 0x00, 0x00, 0x00, 0xca, 0xff, 0x98, 0x00, 0x00, 0x00, 0x00, 0x00, 0x00,  //      #@+      
    0x00, 0x00, 0x00, 0x00, 0x3f, 0xfe, 0xff, 0x3a, 0x00, 0x00, 0x00, 0x00, 0x00, 0x00,  //     :@@:      
    0x00, 0x02, 0x15, 0x5a, 0xe6, 0xff, 0x9a, 0x00, 0x00, 0x00, 0x00, 0x00, 0x00, 0x00,  //    -%@+       
    0x5b, 0xff, 0xff, 0xff, 0xe7, 0x7d, 0x01, 0x00, 0x00, 0x00, 0x00, 0x00, 0x00, 0x00,  // -@@@%=        
    0x8e, 0xff, 0xff, 0xff, 0xd1, 0x52, 0x00, 0x00, 0x00, 0x00, 0x00, 0x00, 0x00, 0x00,  // +@@@%-        
    0x00, 0x06, 0x2b, 0xac, 0xff, 0xfc, 0x23, 0x00, 0x00, 0x00, 0x00, 0x00, 0x00, 0x00,  //   .*@@.       
    0x00, 0x00, 0x00, 0x1d, 0xff, 0xff, 0x56, 0x00, 0x00, 0x00, 0x00, 0x00, 0x00, 0x00,  //    .@@-       
    0x00, 0x00, 0x00, 0x28, 0xff, 0xff, 0x44, 0x00, 0x00, 0x00, 0x00, 0x00, 0x00, 0x00,  //    .@@:       
    0x00, 0x00, 0x00, 0x53, 0xff, 0xff, 0x19, 0x00, 0x00, 0x00, 0x00, 0x00, 0x00, 0x00,  //    -@@        
    0x00, 0x00, 0x00, 0x86, 0xff, 0xe7, 0x00, 0x00, 0x00, 0x00, 0x00, 0x00, 0x00, 0x00,  //    +@%        
    0x00, 0x00, 0x00, 0xb8, 0xff, 0xb5, 0x00, 0x00, 0x00, 0x00, 0x00, 0x00, 0x00, 0x00,  //    #@*        
    0x00, 0x00, 0x00, 0xe9, 0xff, 0x82, 0x00, 0x00, 0x00, 0x00, 0x00, 0x00, 0x00, 0x00,  //    %@+        
    0x00, 0x00, 0x19, 0xff, 0xff, 0x51, 0x00, 0x00, 0x00, 0x00, 0x00, 0x00, 0x00, 0x00,  //    @@-        
    0x00, 0x00, 0x3c, 0xff, 0xff, 0x31, 0x00, 0x00, 0x00, 0x00, 0x00, 0x00, 0x00, 0x00,  //   :@@.        
    0x00, 0x00, 0x42, 0xff, 0xff, 0x4a, 0x00, 0x00, 0x00, 0x00, 0x00, 0x00, 0x00, 0x00,  //   :@@:        
    0x00, 0x00, 0x1b, 0xff, 0xff, 0xce, 0x36, 0x07, 0x00, 0x00, 0x00, 0x00, 0x00, 0x00,  //   .@@#:       
    0x00, 0x00, 0x00, 0x9f, 0xff, 0xff, 0xff, 0xff, 0xc1, 0x00, 0x00, 0x00, 0x00, 0x00,  //    *@@@@#     
    0x00, 0x00, 0x00, 0x03, 0x70, 0xca, 0xf2, 0xff, 0x8d, 0x00, 0x00, 0x00, 0x00, 0x00,  //     =#@@+     
    // Character '|' (124)
    0x00, 0x00, 0x00, 0x00, 0x00, 0x00, 0xbe, 0xff, 0xa5,  //       #@*
    0x00, 0x00, 0x00, 0x00, 0x00, 0x01, 0xf0, 0xff, 0x72,  //       @@=
    0x00, 0x00, 0x00, 0x00, 0x00, 0x25, 0xff, 0xff, 0x3f,  //      .@@:
    0x00, 0x00, 0x00, 0x00, 0x00, 0x58, 0xff, 0xfe, 0x0e,  //      -@@ 
    0x00, 0x00, 0x00, 0x00, 0x00, 0x8b, 0xff, 0xd9, 0x00,  //      +@% 
    0x00, 0x00, 0x00, 0x00, 0x00, 0xbf, 0xff, 0xa5, 0x00,  //      #@* 
    0x00, 0x00, 0x00, 0x00, 0x01, 0xf0, 0xff, 0x72, 0x00,  //      @@= 
    0x00, 0x00, 0x00, 0x00, 0x25, 0xff, 0xff, 0x3f, 0x00,  //     .@@: 
    0x00, 0x00, 0x00, 0x00, 0x59, 0xff, 0xfe, 0x0e, 0x00,  //     -@@  
    0x00, 0x00, 0x00, 0x00, 0x8c, 0xff, 0xd9, 0x00, 0x00,  //     +@%  
    0x00, 0x00, 0x00, 0x00, 0xbf, 0xff, 0xa5, 0x00, 0x00,  //     #@*  
    0x00, 0x00, 0x00, 0x01, 0xf0, 0xff, 0x72, 0x00, 0x00,  //     @@=  
    0x00, 0x00, 0x00, 0x26, 0xff, 0xff, 0x3f, 0x00, 0x00,  //    .@@:  
    0x00, 0x00, 0x00, 0x59, 0xff, 0xfe, 0x0e, 0x00, 0x00,  //    -@@   
    0x00, 0x00, 0x00, 0x8d, 0xff, 0xd9, 0x00, 0x00, 0x00,  //    +@%   
    0x00, 0x00, 0x00, 0xc0, 0xff, 0xa5, 0x00, 0x00, 0x00,  //    #@*   
    0x00, 0x00, 0x01, 0xf1, 0xff, 0x72, 0x00, 0x00, 0x00,  //    @@=   
    0x00, 0x00, 0x27, 0xff, 0xff, 0x3f, 0x00, 0x00, 0x00,  //   .@@:   
    0x00, 0x00, 0x5a, 0xff, 0xfe, 0x0e, 0x00, 0x00, 0x00,  //   -@@    
    0x00, 0x00, 0x8d, 0xff, 0xd9, 0x00, 0x00, 0x00, 0x00,  //   +@%    
    0x00, 0x00, 0xc1, 0xff, 0xa5, 0x00, 0x00, 0x00, 0x00,  //   #@*    
    0x00, 0x01, 0xf2, 0xff, 0x72, 0x00, 0x00, 0x00, 0x00,  //   @@=    
    0x00, 0x27, 0xff, 0xff, 0x3f, 0x00, 0x00, 0x00, 0x00,  //  .@@:    
    0x00, 0x5b, 0xff, 0xfe, 0x0e, 0x00, 0x00, 0x00, 0x00,  //  -@@     
    0x00, 0x8e, 0xff, 0xd9, 0x00, 0x00, 0x00, 0x00, 0x00,  //  +@%     
    0x00, 0xc1, 0xff, 0xa5, 0x00, 0x00, 0x00, 0x00, 0x00,  //  #@*     
    0x02, 0xf2, 0xff, 0x72, 0x00, 0x00, 0x00, 0x00, 0x00,  //  @@=     
    0x28, 0xff, 0xff, 0x3f, 0x00, 0x00, 0x00, 0x00, 0x00,  // .@@:     
    0x5b, 0xff, 0xfe, 0x0e, 0x00, 0x00, 0x00, 0x00, 0x00,  // -@@      
    0x8e, 0xff, 0xd9, 0x00, 0x00, 0x00, 0x00, 0x00, 0x00,  // +@%      
    // Character '}' (125)
    0x00, 0x00, 0x00, 0x00, 0x00, 0x07, 0xfa, 0xf9, 0xe2, 0xa2, 0x29, 0x00, 0x00, 0x00, 0x00,  //       @@%*.    
    0x00, 0x00, 0x00, 0x00, 0x00, 0x33, 0xff, 0xff, 0xff, 0xff, 0xf1, 0x2a, 0x00, 0x00, 0x00,  //      .@@@@@.   
    0x00, 0x00, 0x00, 0x00, 0x00, 0x00, 0x01, 0x18, 0x7c, 0xff, 0xff, 0xa2, 0x00, 0x00, 0x00,  //         =@@*   
    0x00, 0x00, 0x00, 0x00, 0x00, 0x00, 0x00, 0x00, 0x00, 0xbd, 0xff, 0xd0, 0x00, 0x00, 0x00,  //          #@%   
    0x00, 0x00, 0x00, 0x00, 0x00, 0x00, 0x00, 0x00, 0x00, 0xa9, 0xff, 0xc9, 0x00, 0x00, 0x00,  //          *@#   
    0x00, 0x00, 0x00, 0x00, 0x00, 0x00, 0x00, 0x00, 0x00, 0xd0, 0xff, 0xa1, 0x00, 0x00, 0x00,  //          %@*   
    0x00, 0x00, 0x00, 0x00, 0x00, 0x00, 0x00, 0x00, 0x04, 0xf9, 0xff, 0x72, 0x00, 0x00, 0x00,  //          @@=   
    0x00, 0x00, 0x00, 0x00, 0x00, 0x00, 0x00, 0x00, 0x2c, 0xff, 0xff, 0x43, 0x00, 0x00, 0x00,  //         .@@:   
    0x00, 0x00, 0x00, 0x00, 0x00, 0x00, 0x00, 0x00, 0x58, 0xff, 0xff, 0x13, 0x00, 0x00, 0x00,  //         -@@    
    0x00, 0x00, 0x00, 0x00, 0x00, 0x00, 0x00, 0x00, 0x73, 0xff, 0xf2, 0x00, 0x00, 0x00, 0x00,  //         =@@    
    0x00, 0x00, 0x00, 0x00, 0x00, 0x00, 0x00, 0x00, 0x77, 0xff, 0xf2, 0x03, 0x00, 0x00, 0x00,  //         =@@    
    0x00, 0x00, 0x00, 0x00, 0x00, 0x00, 0x00, 0x00, 0x34, 0xfd, 0xff, 0x9c, 0x24, 0x04, 0x00,  //         :@@*.  
    0x00, 0x00, 0x00, 0x00, 0x00, 0x00, 0x00, 0x00, 0x00, 0x54, 0xcb, 0xff, 0xff, 0xff, 0x69,  //          -#@@@=
    0x00, 0x00, 0x00, 0x00, 0x00, 0x00, 0x00, 0x00, 0x1d, 0xaf, 0xf8, 0xff, 0xff, 0xff, 0x35,  //         .*@@@@:
    0x00, 0x00, 0x00, 0x00, 0x00, 0x00, 0x00, 0x13, 0xe6, 0xff, 0xca, 0x4a, 0x10, 0x01, 0x00,  //         %@#:   
    0x00, 0x00, 0x00, 0x00, 0x00, 0x00, 0x00, 0x8f, 0xff, 0xe2, 0x0f, 0x00, 0x00, 0x00, 0x00,  //        +@%     
    0x00, 0x00, 0x00, 0x00, 0x00, 0x00, 0x00, 0xe4, 0xff, 0x8a, 0x00, 0x00, 0x00, 0x00, 0x00,  //        %@+     
    0x00, 0x00, 0x00, 0x00, 0x00, 0x00, 0x22, 0xff, 0xff, 0x48, 0x00, 0x00, 0x00, 0x00, 0x00,  //       .@@:     
    0x00, 0x00, 0x00, 0x00, 0x00, 0x00, 0x56, 0xff, 0xff, 0x14, 0x00, 0x00, 0x00, 0x00, 0x00,  //       -@@      
    0x00, 0x00, 0x00, 0x00, 0x00, 0x00, 0x89, 0xff, 0xde, 0x00, 0x00, 0x00, 0x00, 0x00, 0x00,  //       +@%      
    0x00, 0x00, 0x00, 0x00, 0x00, 0x00, 0xbd, 0xff, 0xa9, 0x00, 0x00, 0x00, 0x00, 0x00, 0x00,  //       #@*      
    0x00, 0x00, 0x00, 0x00, 0x00, 0x01, 0xef, 0xff, 0x74, 0x00, 0x00, 0x00, 0x00, 0x00, 0x00,  //       @@=      
    0x00, 0x00, 0x00, 0x00, 0x00, 0x41, 0xff, 0xff, 0x2b, 0x00, 0x00, 0x00, 0x00, 0x00, 0x00,  //      :@@.      
    0x00, 0x00, 0x00, 0x00, 0x05, 0xc0, 0xff, 0xd1, 0x00, 0x00, 0x00, 0x00, 0x00, 0x00, 0x00,  //      #@%       
    0x00, 0x00, 0x12, 0x42, 0xbf, 0xff, 0xff, 0x57, 0x00, 0x00, 0x00, 0x00, 0x00, 0x00, 0x00,  //    :#@@-       
    0x0b, 0xfc, 0xff, 0xff, 0xff, 0xfd, 0x7b, 0x00, 0x00, 0x00, 0x00, 0x00, 0x00, 0x00, 0x00,  //  @@@@@=        
    0x3d, 0xff, 0xf4, 0xd8, 0x9a, 0x31, 0x00, 0x00, 0x00, 0x00, 0x00, 0x00, 0x00, 0x00, 0x00,  // :@@%+.         
    // Character '~' (126)
    0x00, 0x00, 0x18, 0x9e, 0xea, 0xf8, 0xc3, 0x38, 0x00, 0x00, 0x00, 0x00, 0x00, 0x00, 0x00, 0x00,  //    *@@#:        
    0x00, 0x0d, 0xde, 0xff, 0xff, 0xff, 0xff, 0xfd, 0x60, 0x00, 0x00, 0x00, 0x00, 0x86, 0xff, 0xd6,  //   %@@@@@-    +@%
    0x00, 0x86, 0xff, 0xe5, 0x31, 0x16, 0xaa, 0xff, 0xfd, 0x55, 0x00, 0x00, 0x00, 0xb6, 0xff, 0xac,  //  +@%. *@@-   #@*
    0x00, 0xe7, 0xff, 0x72, 0x00, 0x00, 0x01, 0xa8, 0xff, 0xfa, 0x6a, 0x0b, 0x53, 0xfc, 0xff, 0x51,  //  %@=   *@@= -@@-
    0x17, 0xff, 0xff, 0x3b, 0x00, 0x00, 0x00, 0x06, 0xb0, 0xff, 0xff, 0xff, 0xff, 0xff, 0xad, 0x00,  //  @@:    *@@@@@* 
    0x00, 0x00, 0x00, 0x00, 0x00, 0x00, 0x00, 0x00, 0x02, 0x6f, 0xdf, 0xf9, 0xda, 0x7a, 0x05, 0x00,  //          =%@%=  
    0x00
};
